Workbook

Sheet Таб1
A1: Параметры уходящих из печи технологических газов и воздуха | B1: Единица | C1: Значение
A2: Тип энерготехнологического агрегата | C2: Другие ЭТА
A3: Источник технологического уноса
A4: Количество газов над ванной печи | B4: нм3/ч | C4: 34000
A5: Температура уходящих из печи технологических газов | B5: оC | C5: 1250
A6: Температура уходящих из КУ технологических газов | B6: оC | C6: 400
A7: Средняя крупность пыли | B7: мкр | C7: =IF(C2=Пр7!A14,"Введите данные в следующую ячейку",SUMIF(Пр7!A:A,Таб1!$C$2,Пр7!X:X)) -> Введите данные в следующую ячейку
A8: Средняя крупность пыли (ручной ввод) | B8: мкр | C8: 30
A9: Давление уходящих из печи технологических газов | B9: кгс/м2 | C9: 9999.8095
A10: Давление уходящих из КУ технологических газов | B10: кгс/м2 | C10: 9500
A11: Запыленность газов над ванной | B11: г/нм3 | C11: 35
A12: Доля подсоса воздуха в печь | B12: % | C12: 0.05
A13: Доля подсоса воздуха в КУ | B13: % | C13: 0.1
A14: Среднегодовая температура воздуха | B14: оC | C14: 16.7
A15: SO2 на выходе из печи | B15: % | C15: 0.2342
A16: SO3 на выходе из печи | B16: % | C16: 0
A17: H2O на выходе из печи | B17: % | C17: 0.3476
A18: O2 на выходе из печи | B18: % | C18: 0.05
A19: N2 на выходе из печи | B19: % | C19: 0.2546
... A27: Доля пара в пароводяной смеси | B27: % | C27: 0.025

Sheet Таб2
A1: Конструктивные характеристики КУ | B1: Единица | C1: Зона 1 | D1: Зона 2 | E1: Зона 3 | F1: Зона 4 | G1: Зона 5 | H1: Зона 6 | I1: Зона 7 | J1: Зона 8 | K1: Зона 9 | L1: Зона 10 | M1: Зона XX
A2: Наименование тепловой зоны | B2: - | C2: Воротник | D2: Радиационная шахта | E2: Холодная воронка 1 | F2: Конвективная шахта | G2: Переход | H2: Газоохладитель без ширмы
A3: Расположение зоны | C3: Горизонтальное | D3: Вертикальное | E3: Горизонтальное | F3: Вертикальное | G3: Горизонтальное | H3: Вертикальное
A4: Длина проходного канала по зонам | B4: м | C4: 2.5 | D4: 12.28 | E4: =(8.5+6.703)*0.5 -> 7.6015 | F4: 13.8 | G4: 1.4 | H4: =Таб2_Конструкция_КУ[[#This Row],[Зона 4]] -> 13.8
A5: Ширина проходного канала по зонам | B5: м | C5: =(8.8+4.488)*0.5 -> 6.644 | D5: 10.5 | E5: =0.5*((Таб2_Конструкция_КУ[[#This Row],[Зона 2]]-2)/2+1) -> 2.625 | F5: 4.25 | G5: =Таб2_Конструкция_КУ[[#This Row],[Зона 4]] -> 4.25 | H5: =Таб2_Конструкция_КУ[[#This Row],[Зона 4]] -> 4.25
A6: Высота вертикальной части проходного канала | B6: м | C6: =(6.918+3.525)*0.5 -> 5.2215 | D6: 7 | E6: 3.3 | F6: 2.5 | G6: 3.7 | H6: =Таб2_Конструкция_КУ[[#This Row],[Зона 4]] -> 2.5
A7: Высота конической части проходного канала | G7: =(11600-8600)/1000 -> 3
A8: Площадь стеновой поверхности нагрева | B8: м2 | C8: =2*(C5+C6)*C4 -> 59.3275 | D8: =2*(D5+D6)*D4+D5*D6-C5*C6 -> 468.60835 | E8: =2*2*(E5+E6)*E4-D5*D6-2*F5*F6 -> 85.40555 | F8: =2*(2*(F5+F6)*F4+F5*F6-G5*G6) -> 362.4 | G8: =2*(2*(G5+G6)*G4) -> 44.52 | H8: =2*(2*(H5+H6)*H4+H5*H6-G5*G6) -> 362.4
A9: Площадь ширмовой поверхности нагрева | B9: м2 | C9: 0 | D9: 0 | E9: 0 | F9: 0 | G9: =G10*G13 -> 0 | H9: =H10*H13 -> 0
A10: Площадь удельной поверхности ширм | B10: м2 | C10: 0 | D10: 0 | E10: 0 | F10: 0 | G10: 39 | H10: 39
A11: Ширина ширмы | B11: м | C11: 0 | D11: 0 | E11: 0 | F11: 0 | G11: 1.9 | H11: 1.9
A12: Толщина ширмы | B12: м | C12: 0.032 | D12: 0.032 | E12: 0.032 | F12: 0.032 | G12: 0.032 | H12: 0.032
A13: Количество ширм | B13: шт | C13: 0 | D13: 0 | E13: 0 | F13: 0 | G13: 0 | H13: 0
A14: Шаг между ширмами | B14: м | C14: =IF(C13>0,C5/C13,0) -> 0 | D14: =IF(D13>0,D5/D13,0) -> 0 | E14: =IF(E13>0,E5/E13,0) -> 0 | F14: =IF(F13>0,F5/F13,0) -> 0 | G14: =IF(G13>0,G5/G13,0) -> 0 | H14: =IF(H13>0,H5/H13,0) -> 0
A15: Толщина стенки нагрева по зонам | B15: м | C15: 0.013 | D15: 0.013 | E15: 0.013 | F15: 0.013 | G15: 0.013 | H15: 0.013
A16: Коэффициент загрязнения поверхности нагрева, средний | B16: (м2*ч*оС)/ккал | C16: 0.005 | D16: 0.005 | E16: 0.005 | F16: 0.005 | G16: 0.005 | H16: 0.005 | M16: Кузнецов Т.6-3 С.30; П.7-Б,д) С.46
A17: Толщина пылевых отложений на поверхности нагрева по зонам | B17: мм | C17: 0.8 | D17: 0.8 | E17: 0.8 | F17: 0.8 | G17: 0.8 | H17: 0.8
A18: Наружная температура поверхности нагрева по зонам | B18: оC | C18: =IF(100*Таб6!C34/Таб6!$C$34<60,60,100*Таб6!C34/Таб6!$C$34) -> 100 | D18: =IF(100*Таб6!D34/Таб6!$C$34<60,60,100*Таб6!D34/Таб6!$C$34) -> 79.752066 | E18: =IF(100*Таб6!E34/Таб6!$C$34<60,60,100*Таб6!E34/Таб6!$C$34) -> 66.900826 | F18: =IF(100*Таб6!F34/Таб6!$C$34<60,60,100*Таб6!F34/Таб6!$C$34) -> 60 | G18: =IF(100*Таб6!G34/Таб6!$C$34<60,60,100*Таб6!G34/Таб6!$C$34) -> 60 | H18: =IF(100*Таб6!H34/Таб6!$C$34<60,60,100*Таб6!H34/Таб6!$C$34) -> 60
A19: Перепад температуры технологических газов по зонам | B19: оC | C19: 80 | D19: 450 | E19: 66 | F19: 141 | G19: 11 | H19: 71
C20: =Таб1!C5-Таб2!C19 -> 1170 | D20: =Таб2_Конструкция_КУ[[#This Row],[Зона 1]]-D19 -> 720 | E20: =Таб2_Конструкция_КУ[[#This Row],[Зона 2]]-E19 -> 654 | F20: =Таб2_Конструкция_КУ[[#This Row],[Зона 3]]-F19 -> 513 | G20: =Таб2_Конструкция_КУ[[#This Row],[Зона 4]]-G19 -> 502 | H20: =Таб2_Конструкция_КУ[[#This Row],[Зона 5]]-H19 -> 431

Sheet Таб8
A1: Наименование | B1: Обозначение | C1: Единица измерения | D1: Зона 1 | E1: Зона 2 | F1: Зона 3 | G1: Зона 4 | H1: Зона 5 | I1: Зона 6 | J1: Зона 7 | K1: Зона 8 | L1: Зона 9 | M1: Зона 10 | N1: Зона XX
A2: Средняя скорость потока газов в зоне | C2: м/с | D2: =Таб6!C7*Таб6!C35/273/(3600*Таб5!C10) -> 1.5565107 | E2: =Таб6!D7*Таб6!D35/273/(3600*Таб5!D10) -> 0.61620817 | F2: =Таб6!E7*Таб6!E35/273/(3600*Таб5!E10) -> 2.329087 | G2: =Таб6!F7*Таб6!F35/273/(3600*Таб5!F10) -> 1.6882662 | H2: =Таб6!G7*Таб6!G35/273/(3600*(Таб5!G10+Таб5!H10)) -> 0.63114809 | I2: =Таб6!H7*Таб6!H35/273/(3600*Таб5!H10) -> 1.4336559 | J2: =Таб6!I7*Таб6!I35/273/(3600*Таб5!I10) -> #DIV/0! | K2: =Таб6!J7*Таб6!J35/273/(3600*Таб5!J10) -> #DIV/0! | L2: =Таб6!K7*Таб6!K35/273/(3600*Таб5!K10) -> #DIV/0! | M2: =Таб6!L7*Таб6!L35/273/(3600*Таб5!L10) -> #DIV/0!
A3: Средняя скорость потока газов в зоне | C3: м/с | D3: =IF(D2>=3,"МНОГО!",IF(D2<1.5,"МАЛО!","ПРАВИЛЬНО!")) -> ПРАВИЛЬНО! | E3: =IF(E2>=3,"МНОГО!",IF(E2<1.5,"МАЛО!","ПРАВИЛЬНО!")) -> МАЛО! | F3: =IF(F2>=1.5,"МНОГО!",IF(F2<0.5,"МАЛО!","ПРАВИЛЬНО!")) -> МНОГО! | G3: =IF(G2>=2,"МНОГО!",IF(G2<0.5,"МАЛО!","ПРАВИЛЬНО!")) -> ПРАВИЛЬНО! | H3: =IF(H2>=5,"МНОГО!",IF(H2<2,"МАЛО!","ПРАВИЛЬНО!")) -> МАЛО! | I3: =IF(I2>=5,"МНОГО!",IF(I2<2,"МАЛО!","ПРАВИЛЬНО!")) -> МАЛО! | J3: =IF(J2>=5,"МНОГО!",IF(J2<2,"МАЛО!","ПРАВИЛЬНО!")) -> #DIV/0! | K3: =IF(K2>=5,"МНОГО!",IF(K2<2,"МАЛО!","ПРАВИЛЬНО!")) -> #DIV/0! | L3: =IF(L2>=5,"МНОГО!",IF(L2<2,"МАЛО!","ПРАВИЛЬНО!")) -> #DIV/0! | M3: =IF(M2>=5,"МНОГО!",IF(M2<2,"МАЛО!","ПРАВИЛЬНО!")) -> #DIV/0!
A4: Рекомендуемые параметры | C4: м/с | D4: 1,5 ÷ 3,0 | E4: 1,5 ÷ 3,0 | F4: 0,5 ÷ 1,5 | G4: 0,5 ÷ 1,5 | H4: 2,0 ÷ 5,0 | I4: 2,0 ÷ 5,0 | J4: 2,0 ÷ 5,0 | K4: 2,0 ÷ 5,0 | L4: 2,0 ÷ 5,0 | M4: 2,0 ÷ 5,0
A5: Объем газового пространсва в зоне | C5: м3 | D5: =Таб2!C4*Таб5!C10 -> 86.729115 | E5: =Таб2!D4*Таб5!D10 -> 902.58 | F5: =Таб2!E4*Таб5!E10 -> 131.69599 | G5: =Таб2!F4*Таб5!F10 -> 293.25 | H5: =Таб2!G4*Таб5!G10 -> 44.03 | I5: =Таб2!H4*Таб5!H10 -> 293.25 | J5: =Таб2!I4*Таб5!I10 -> 0 | K5: =Таб2!J4*Таб5!J10 -> 0 | ... M5: =Таб2!L4*Таб5!L10 -> 0
A6: Эффективная толщина излучающего слоя | C6: м | D6: =3.6*D5/Таб5!C7 -> 5.2627334 | E6: =3.6*E5/Таб5!D7 -> 6.9339097 | F6: =3.6*F5/Таб5!E7 -> 5.5512265 | G6: =3.6*G5/Таб5!F7 -> 2.9130795 | H6: =3.6*H5/Таб5!G5 -> 3.5603774 | I6: =3.6*I5/Таб5!H7 -> 2.9130795 | J6: =3.6*J5/Таб5!I7 -> #DIV/0! | K6: =3.6*K5/Таб5!J7 -> #DIV/0! | L6: =3.6*L5/Таб5!K7 -> #DIV/0! | M6: =3.6*M5/Таб5!L7 -> #DIV/0! | N6: Кузнецов НВ (7-53) стр. 43
A7: Эквивалентный диаметр проходного сечения газов | C7: м | D7: =4*Таб5!C10/D8 -> 5.8474815 | E7: =4*Таб5!D10/E8 -> 7.7043441 | F7: =4*Таб5!E10/F8 -> 6.1680295 | G7: =4*Таб5!F10/G8 -> 3.236755 | H7: =4*Таб5!G10/H8 -> 3.9559748 | I7: =4*Таб5!H10/I8 -> 3.236755 | J7: =4*Таб5!I10/J8 -> #DIV/0! | K7: =4*Таб5!J10/K8 -> #DIV/0! | ... M7: =4*Таб5!L10/M8 -> #DIV/0!
A8: Периметр проходного сечения газов | C8: м | D8: =Таб5!C7/Таб2!C4 -> 23.731 | E8: =Таб5!D7/Таб2!D4 -> 38.160289 | F8: =Таб5!E7/Таб2!E4 -> 11.235355 | G8: =Таб5!F7/Таб2!F4 -> 26.26087 | H8: =Таб5!G5/Таб2!G4 -> 31.8 | I8: =Таб5!H7/Таб2!H4 -> 26.26087 | J8: =Таб5!I7/Таб2!I4 -> #DIV/0! | K8: =Таб5!J7/Таб2!J4 -> #DIV/0! | L8: =Таб5!K7/Таб2!K4 -> #DIV/0! | M8: =Таб5!L7/Таб2!L4 -> #DIV/0!
A9: Сумма объемных долей трехатомных газов | D9: =Таб6!C8+Таб6!C12+Таб6!C18 -> 0.65914692 | E9: =Таб6!D8+Таб6!D12+Таб6!D18 -> 0.65603774 | F9: =Таб6!E8+Таб6!E12+Таб6!E18 -> 0.63506849 | G9: =Таб6!F8+Таб6!F12+Таб6!F18 -> 0.61813333 | H9: =Таб6!G8+Таб6!G12+Таб6!G18 -> 0.61813333 | I9: =Таб6!H8+Таб6!H12+Таб6!H18 -> 0.61268722 | J9: =Таб6!I8+Таб6!I12+Таб6!I18 -> 0.60839895 | K9: =Таб6!J8+Таб6!J12+Таб6!J18 -> 0.60627724 | ... M9: =Таб6!L8+Таб6!L12+Таб6!L18 -> 0.60469565
A10: Давление технологических газов на выходе из зоны | C10: кгс/м2 | D10: =Таб1!$C$9-(Таб1!$C$9-Таб1!$C$10)*Таб2!C4/SUM(Таб2!C4:$I4) -> 9975.4909 | E10: =Таб1!$C$9-(Таб1!$C$9-Таб1!$C$10)*Таб2!D4/SUM(Таб2!D4:$I4) -> 9874.2475 | F10: =Таб1!$C$9-(Таб1!$C$9-Таб1!$C$10)*Таб2!E4/SUM(Таб2!E4:$I4) -> 9896.0077 | G10: =Таб1!$C$9-(Таб1!$C$9-Таб1!$C$10)*Таб2!F4/SUM(Таб2!F4:$I4) -> 9761.9691 | H10: =Таб1!$C$9-(Таб1!$C$9-Таб1!$C$10)*Таб2!G4/SUM(Таб2!G4:$I4) -> 9953.7744 | I10: =Таб1!$C$9-(Таб1!$C$9-Таб1!$C$10)*Таб2!H4/SUM(Таб2!H4:$I4) -> 9500 | J10: =Таб1!$C$9-(Таб1!$C$9-Таб1!$C$10)*Таб2!I4/SUM(Таб2!I4:$I4) -> #DIV/0! | K10: =Таб1!$C$9-(Таб1!$C$9-Таб1!$C$10)*Таб2!J4/SUM(Таб2!$I4:J4) -> #DIV/0! | L10: =Таб1!$C$9-(Таб1!$C$9-Таб1!$C$10)*Таб2!K4/SUM(Таб2!$I4:K4) -> #DIV/0! | M10: =Таб1!$C$9-(Таб1!$C$9-Таб1!$C$10)*Таб2!L4/SUM(Таб2!$I4:L4) -> #DIV/0!
A11: Коэффициент ослабления лучей трехатомными газами | C11: 1/(м*кгс/см2) | D11: =((0.78+1.6*Таб6!C12)/SQRT(D10*10^-4*D9*D6)-0.1)*(1-0.37*(Таб6!C24+273)/1000)*D9 -> 0.18516099 | E11: =((0.78+1.6*Таб6!D12)/SQRT(E10*10^-4*E9*E6)-0.1)*(1-0.37*(Таб6!D24+273)/1000)*E9 -> 0.21397529 | F11: =((0.78+1.6*Таб6!E12)/SQRT(F10*10^-4*F9*F6)-0.1)*(1-0.37*(Таб6!E24+273)/1000)*F9 -> 0.24597734 | G11: =((0.78+1.6*Таб6!F12)/SQRT(G10*10^-4*G9*G6)-0.1)*(1-0.37*(Таб6!F24+273)/1000)*G9 -> 0.37751645 | H11: =((0.78+1.6*Таб6!G12)/SQRT(H10*10^-4*H9*H6)-0.1)*(1-0.37*(Таб6!G24+273)/1000)*H9 -> 0.33551898 | I11: =((0.78+1.6*Таб6!H12)/SQRT(I10*10^-4*I9*I6)-0.1)*(1-0.37*(Таб6!H24+273)/1000)*I9 -> 0.3966049 | J11: =((0.78+1.6*Таб6!I12)/SQRT(J10*10^-4*J9*J6)-0.1)*(1-0.37*(Таб6!I24+273)/1000)*J9 -> #DIV/0! | K11: =((0.78+1.6*Таб6!J12)/SQRT(K10*10^-4*K9*K6)-0.1)*(1-0.37*(Таб6!J24+273)/1000)*K9 -> #DIV/0! | ... M11: =((0.78+1.6*Таб6!L12)/SQRT(M10*10^-4*M9*M6)-0.1)*(1-0.37*(Таб6!L24+273)/1000)*M9 -> #DIV/0! | N11: Кузнецов НВ (6-08) стр. 25
A12: Коэффициент ослабления лучей пылевыми частицами | C12: 1/(м*кгс/см2) | D12: =4300*Таб6!C20*D15/(Таб6!C35*(IF(Таб1!$C$2=Пр7!$A$14,Таб1!$C$8,Таб1!$C$7)))^(2/3) -> 0.11387241 | E12: =4300*Таб6!D20*E15/(Таб6!D35*(IF(Таб1!$C$2=Пр7!$A$14,Таб1!$C$8,Таб1!$C$7)))^(2/3) -> 0.10139966 | F12: =4300*Таб6!E20*F15/(Таб6!E35*(IF(Таб1!$C$2=Пр7!$A$14,Таб1!$C$8,Таб1!$C$7)))^(2/3) -> 0.10349875 | G12: =4300*Таб6!F20*G15/(Таб6!F35*(IF(Таб1!$C$2=Пр7!$A$14,Таб1!$C$8,Таб1!$C$7)))^(2/3) -> 0.10602142 | H12: =4300*Таб6!G20*H15/(Таб6!G35*(IF(Таб1!$C$2=Пр7!$A$14,Таб1!$C$8,Таб1!$C$7)))^(2/3) -> 0.10904669 | I12: =4300*Таб6!H20*I15/(Таб6!H35*(IF(Таб1!$C$2=Пр7!$A$14,Таб1!$C$8,Таб1!$C$7)))^(2/3) -> 0.11044155 | J12: =4300*Таб6!I20*J15/(Таб6!I35*(IF(Таб1!$C$2=Пр7!$A$14,Таб1!$C$8,Таб1!$C$7)))^(2/3) -> 0.11224644 | K12: =4300*Таб6!J20*K15/(Таб6!J35*(IF(Таб1!$C$2=Пр7!$A$14,Таб1!$C$8,Таб1!$C$7)))^(2/3) -> 0.11225188 | ... M12: =4300*Таб6!L20*M15/(Таб6!L35*(IF(Таб1!$C$2=Пр7!$A$14,Таб1!$C$8,Таб1!$C$7)))^(2/3) -> 0.10981606 | N12: Кузнецов НВ (6-13) стр. 25
A13: Суммарная сила поглощения запыленного потока | C13: 1/(м*кгс/см2) | D13: =D11+D12*D15 -> 0.18760845 | E13: =E11+E12*E15 -> 0.21569722 | F13: =F11+F12*F15 -> 0.24762655 | G13: =G11+G12*G15 -> 0.37909202 | H13: =H11+H12*H15 -> 0.33708964 | I13: =I11+I12*I15 -> 0.39812203 | J13: =J11+J12*J15 -> #DIV/0! | K13: =K11+K12*K15 -> #DIV/0! | ... M13: =M11+M12*M15 -> #DIV/0!
A14: Запыленность газов | C14: г/м3 | D14: =0.95*Таб1!$C$11 -> 33.25 | E14: =0.75*Таб1!$C$11 -> 26.25 | F14: =0.7*Таб1!$C$11 -> 24.5 | G14: =0.65*Таб1!$C$11 -> 22.75 | H14: =0.63*Таб1!C11 -> 22.05 | I14: =0.6*Таб1!C11 -> 21 | J14: =0.59*Таб1!$C$11 -> 20.65 | K14: =0.58*Таб1!$C$11 -> 20.3 | L14: =0.57*Таб1!$C$11 -> 19.95 | M14: =0.56*Таб1!$C$11 -> 19.6
A15: Безразмерная концентрация пыли в дымовых газах | C15: кг/кг | D15: =D14/Таб6!C20/1000 -> 0.021493039 | E15: =E14/Таб6!D20/1000 -> 0.016981626 | F15: =F14/Таб6!E20/1000 -> 0.015934621 | G15: =G14/Таб6!F20/1000 -> 0.014860879 | H15: =H14/Таб6!G20/1000 -> 0.014403621 | I15: =I14/Таб6!H20/1000 -> 0.013736975 | J15: =J14/Таб6!I20/1000 -> 0.01352296 | K15: =K14/Таб6!J20/1000 -> 0.013301033 | ... M15: =M14/Таб6!L20/1000 -> 0.012847619 | N15: Кузнецов НВ (4-11) стр. 16
A16: Суммарная оптическая толщина запыленного потока | D16: =D13*D10*10^-4*D6 -> 0.98491339 | E16: =E13*E10*10^-4*E6 -> 1.4768172 | F16: =F13*F10*10^-4*F6 -> 1.360336 | G16: =G13*G10*10^-4*G6 -> 1.0780388 | H16: =H13*H10*10^-4*H6 -> 1.1946185 | I16: =I13*I10*10^-4*I6 -> 1.1017731 | J16: =J13*J10*10^-4*J6 -> #DIV/0! | K16: =K13*K10*10^-4*K6 -> #DIV/0! | ... M16: =M13*M10*10^-4*M6 -> #DIV/0! | N16: Кузнецов НВ (7-52) стр. 43
A17: Степень черноты потока газов | C17: - | D17: =1-EXP(-D13*D10*10^-4*D6) -> 0.62652843 | E17: =1-EXP(-E13*E10*10^-4*E6) -> 0.77163663 | F17: =1-EXP(-F13*F10*10^-4*F6) -> 0.74342544 | G17: =1-EXP(-G13*G10*10^-4*G6) -> 0.65973782 | H17: =1-EXP(-H13*H10*10^-4*H6) -> 0.69718054 | I17: =1-EXP(-I13*I10*10^-4*I6) -> 0.6677186 | J17: =1-EXP(-J13*J10*10^-4*J6) -> #DIV/0! | K17: =1-EXP(-K13*K10*10^-4*K6) -> #DIV/0! | ... M17: =1-EXP(-M13*M10*10^-4*M6) -> #DIV/0! | N17: Кузнецов НВ (6-06) стр. 24 (7-51) стр. 43
A18: Средний температурный напор | C18: оС | D18: =((Таб1!C5-Таб4!$D$3)-(Таб6!C24-Таб4!$D$3))/LN((Таб1!C5-Таб4!$D$3)/(Таб6!C24-Таб4!$D$3)) -> 958.44361 | E18: =((Таб6!C24-Таб4!$D$3)-(Таб6!D24-Таб4!$D$3))/LN((Таб6!C24-Таб4!$D$3)/(Таб6!D24-Таб4!$D$3)) -> 668.96259 | F18: =((Таб6!D24-Таб4!$D$3)-(Таб6!E24-Таб4!$D$3))/LN((Таб6!D24-Таб4!$D$3)/(Таб6!E24-Таб4!$D$3)) -> 435.16616 | G18: =((Таб6!E24-Таб4!$D$3)-(Таб6!F24-Таб4!$D$3))/LN((Таб6!E24-Таб4!$D$3)/(Таб6!F24-Таб4!$D$3)) -> 327.45611 | H18: =((Таб6!F24-Таб4!$D$3)-(Таб6!G24-Таб4!$D$3))/LN((Таб6!F24-Таб4!$D$3)/(Таб6!G24-Таб4!$D$3)) -> 256.46068 | I18: =((Таб6!G24-Таб4!$D$3)-(Таб6!H24-Таб4!$D$3))/LN((Таб6!G24-Таб4!$D$3)/(Таб6!H24-Таб4!$D$3)) -> 213.53635 | J18: =((Таб6!H24-Таб4!$D$3)-(Таб6!I24-Таб4!$D$3))/LN((Таб6!H24-Таб4!$D$3)/(Таб6!I24-Таб4!$D$3)) -> #DIV/0! | K18: =((Таб6!I24-Таб4!$D$3)-(Таб6!J24-Таб4!$D$3))/LN((Таб6!I24-Таб4!$D$3)/(Таб6!J24-Таб4!$D$3)) -> #DIV/0! | L18: =((Таб6!J24-Таб4!$D$3)-(Таб6!K24-Таб4!$D$3))/LN((Таб6!J24-Таб4!$D$3)/(Таб6!K24-Таб4!$D$3)) -> #DIV/0! | M18: =((Таб6!K24-Таб4!$D$3)-(Таб6!L24-Таб4!$D$3))/LN((Таб6!K24-Таб4!$D$3)/(Таб6!L24-Таб4!$D$3)) -> #DIV/0!
A19: Расчетная температура потоков газов | C19: оС | D19: =Таб4!$D$3+D18 -> 1209.4436 | E19: =Таб4!$D$3+E18 -> 919.96259 | F19: =Таб4!$D$3+F18 -> 686.16616 | G19: =Таб4!$D$3+G18 -> 578.45611 | H19: =Таб4!$D$3+H18 -> 507.46068 | I19: =Таб4!$D$3+I18 -> 464.53635 | J19: =Таб4!$D$3+J18 -> #DIV/0! | K19: =Таб4!$D$3+K18 -> #DIV/0! | ... M19: =Таб4!$D$3+M18 -> #DIV/0! | N19: Кузнецов НВ п. 7-18 стр. 39
C20: К | D20: =D19+273 -> 1482.4436 | E20: =E19+273 -> 1192.9626 | F20: =F19+273 -> 959.16616 | G20: =G19+273 -> 851.45611 | H20: =H19+273 -> 780.46068 | I20: =I19+273 -> 737.53635 | J20: =J19+273 -> #DIV/0! | K20: =K19+273 -> #DIV/0! | ... M20: =M19+273 -> #DIV/0!
A21: Температура технологических газов на выходе | C21: оС | D21: =Таб1!C5-Таб2!C19 -> 1170 | E21: =Таб8_Расчет_коэффициента_теплопередачи[[#This Row],[Зона 1]]-Таб2!D19 -> 720 | F21: =Таб8_Расчет_коэффициента_теплопередачи[[#This Row],[Зона 2]]-Таб2!E19 -> 654 | G21: =Таб8_Расчет_коэффициента_теплопередачи[[#This Row],[Зона 3]]-Таб2!F19 -> 513 | H21: =Таб8_Расчет_коэффициента_теплопередачи[[#This Row],[Зона 4]]-Таб2!G19 -> 502 | I21: =Таб8_Расчет_коэффициента_теплопередачи[[#This Row],[Зона 5]]-Таб2!H19 -> 431 | J21: =Таб8_Расчет_коэффициента_теплопередачи[[#This Row],[Зона 6]]-Таб2!I19 -> 431 | K21: =Таб8_Расчет_коэффициента_теплопередачи[[#This Row],[Зона 7]]-Таб2!J19 -> 431 | L21: =Таб8_Расчет_коэффициента_теплопередачи[[#This Row],[Зона 8]]-Таб2!K19 -> 431 | M21: =Таб8_Расчет_коэффициента_теплопередачи[[#This Row],[Зона 9]]-Таб2!L19 -> 431
A22: Коэффициент теплоотдачи излучением от газов к листу | C22: ккал/(м2*ч*оС) | D22: =4.88*(10^(-8))*(Таб5!C2+1)/2*D17*(Таб6!C35^3)*((1-(D28/D20)^4)/(1-D28/D20)) -> 262.3175 | E22: =4.88*(10^(-8))*(Таб5!D2+1)/2*E17*(Таб6!D35^3)*((1-(E28/E20)^4)/(1-E28/E20)) -> 159.35662 | F22: =4.88*(10^(-8))*(Таб5!E2+1)/2*F17*(Таб6!E35^3)*((1-(F28/F20)^4)/(1-F28/F20)) -> 101.49764 | G22: =4.88*(10^(-8))*(Таб5!F2+1)/2*G17*(Таб6!F35^3)*((1-(G28/G20)^4)/(1-G28/G20)) -> 57.661284 | H22: =4.88*(10^(-8))*(Таб5!G2+1)/2*H17*(Таб6!G35^3)*((1-(H28/H20)^4)/(1-H28/H20)) -> 48.202487 | I22: =4.88*(10^(-8))*(Таб5!H2+1)/2*I17*(Таб6!H35^3)*((1-(I28/I20)^4)/(1-I28/I20)) -> 36.859333 | J22: =4.88*(10^(-8))*(Таб5!I2+1)/2*J17*(Таб6!I35^3)*((1-(J28/J20)^4)/(1-J28/J20)) -> #DIV/0! | K22: =4.88*(10^(-8))*(Таб5!J2+1)/2*K17*(Таб6!J35^3)*((1-(K28/K20)^4)/(1-K28/K20)) -> #DIV/0! | ... M22: =4.88*(10^(-8))*(Таб5!L2+1)/2*M17*(Таб6!L35^3)*((1-(M28/M20)^4)/(1-M28/M20)) -> #DIV/0! | N22: Кузнецов НВ (7-49) стр. 43
A23: Коэффициент сохранения тепла | D23: =1-Таб7!C20 -> 0.99175005 | E23: =1-Таб7!D20 -> 0.98127406 | F23: =1-Таб7!E20 -> 0.98471093 | G23: =1-Таб7!F20 -> 0.98192397 | H23: =1-Таб7!G20 -> 0.97683994 | I23: =1-Таб7!H20 -> 0.96615228 | J23: =1-Таб7!I20 -> #DIV/0! | K23: =1-Таб7!J20 -> #DIV/0! | ... M23: =1-Таб7!L20 -> #DIV/0! | N23: Кузнецов НВ (5-11) стр. 21
A24: Плотность потока с учетом коэффициента сохранения тепла | C24: ккал/(м2*ч) | D24: =Таб6!C38/Таб5!C7*D23*1000000 -> 25682.468 | E24: =Таб6!D38/Таб5!D7*E23*1000000 -> 16286.984 | F24: =Таб6!E38/Таб5!E7*F23*1000000 -> 9461.0163 | G24: =Таб6!F38/Таб5!F7*G23*1000000 -> 5733.5243 | H24: =Таб6!G38/Таб5!G7*H23*1000000 -> 4017.4548 | I24: =Таб6!H38/Таб5!H7*I23*1000000 -> 3012.7502 | J24: =Таб6!I38/Таб5!I7*J23*1000000 -> #DIV/0! | K24: =Таб6!J38/Таб5!J7*K23*1000000 -> #DIV/0! | ... M24: =Таб6!L38/Таб5!L7*M23*1000000 -> #DIV/0! | Q24: =3600/4190*Таб8_Расчет_коэффициента_теплопередачи[[#This Row],[Зона 1]] -> 22066.083
A25: Коэффициент загрязнения поверхности нагрева | B25: ε | C25: (м2*ч*оС)/ккал | D25: =IF(Таб6!C34>600,3*10^-5*Таб6!C34-0.0109,0.005) -> 0.0254 | E25: =IF(Таб6!D34>600,3*10^-5*Таб6!D34-0.0109,0.005) -> 0.01805 | F25: =IF(Таб6!E34>600,3*10^-5*Таб6!E34-0.0109,0.005) -> 0.013385 | G25: =IF(Таб6!F34>600,3*10^-5*Таб6!F34-0.0109,0.005) -> 0.0089375 | H25: =IF(Таб6!G34>600,3*10^-5*Таб6!G34-0.0109,0.005) -> 0.005 | I25: =IF(Таб6!H34>600,3*10^-5*Таб6!H34-0.0109,0.005) -> 0.005 | J25: =IF(Таб6!I34>600,3*10^-5*Таб6!I34-0.0109,0.005) -> 0.005 | K25: =IF(Таб6!J34>600,3*10^-5*Таб6!J34-0.0109,0.005) -> 0.005 | ... M25: =IF(Таб6!L34>600,3*10^-5*Таб6!L34-0.0109,0.005) -> 0.005 | N25: Кузнецов Н.В. Табл. 6-2 стр. 29 Кузнецов НВ п. 7-36 стр. 44 рис. 7-9 а) (7-73) стр. 47 Воинов А.П. стр. 131
A26: Кэффициент тепловой эффективности | B26: Ψ | N26: Кузнецов НВ таб. 7-3 стр. 48 Воинов АП (5.49) стр. 131
A27: Температура загрязненной поверхности стенки с учетом коэффициента загрязнения | B27: Tз | C27: оС | D27: =Таб4!$D$3+D25*D24 -> 903.3347 | E27: =Таб4!$D$3+E25*E24 -> 544.98006 | F27: =Таб4!$D$3+F25*F24 -> 377.6357 | G27: =Таб4!$D$3+G25*G24 -> 302.24337 | H27: =Таб4!$D$3+H25*H24 -> 271.08727 | I27: =Таб4!$D$3+I25*I24 -> 266.06375 | J27: =Таб4!$D$3+J25*J24 -> #DIV/0! | K27: =Таб4!$D$3+K25*K24 -> #DIV/0! | ... M27: =Таб4!$D$3+M25*M24 -> #DIV/0! | N27: Кузнецов НВ п. 7-36 (7-56) стр. 44
C28: К | D28: =D27+273 -> 1176.3347 | E28: =E27+273 -> 817.98006 | F28: =F27+273 -> 650.6357 | G28: =G27+273 -> 575.24337 | H28: =H27+273 -> 544.08727 | I28: =I27+273 -> 539.06375 | J28: =J27+273 -> #DIV/0! | K28: =K27+273 -> #DIV/0! | ... M28: =M27+273 -> #DIV/0!
A29: λSO2 | B29: λSO2 | C29: Вт/(м*оС) | D29: =-4*10^-9*D$19^2+5*10^-5*D$19+0.0082 -> 0.062821165 | E29: =-4*10^-9*E$19^2+5*10^-5*E$19+0.0082 -> 0.050812805 | F29: =-4*10^-9*F$19^2+5*10^-5*F$19+0.0082 -> 0.040625012 | G29: =-4*10^-9*G$19^2+5*10^-5*G$19+0.0082 -> 0.03578436 | H29: =-4*10^-9*H$19^2+5*10^-5*H$19+0.0082 -> 0.032542969 | I29: =-4*10^-9*I$19^2+5*10^-5*I$19+0.0082 -> 0.030563641 | J29: =-4*10^-9*J$19^2+5*10^-5*J$19+0.0082 -> #DIV/0! | K29: =-4*10^-9*K$19^2+5*10^-5*K$19+0.0082 -> #DIV/0! | ... M29: =-4*10^-9*M$19^2+5*10^-5*M$19+0.0082 -> #DIV/0! | N29: Бабичев Т.15.2 С.345.
A30: λSO3 | B30: λSO3 | C30: Вт/(м*оС) | D30: =-4*10^-9*D$19^2+5*10^-5*D$19+0.0082 -> 0.062821165 | E30: =-4*10^-9*E$19^2+5*10^-5*E$19+0.0082 -> 0.050812805 | F30: =-4*10^-9*F$19^2+5*10^-5*F$19+0.0082 -> 0.040625012 | G30: =-4*10^-9*G$19^2+5*10^-5*G$19+0.0082 -> 0.03578436 | H30: =-4*10^-9*H$19^2+5*10^-5*H$19+0.0082 -> 0.032542969 | I30: =-4*10^-9*I$19^2+5*10^-5*I$19+0.0082 -> 0.030563641 | J30: =-4*10^-9*J$19^2+5*10^-5*J$19+0.0082 -> #DIV/0! | K30: =-4*10^-9*K$19^2+5*10^-5*K$19+0.0082 -> #DIV/0! | ... M30: =-4*10^-9*M$19^2+5*10^-5*M$19+0.0082 -> #DIV/0! | N30: Бабичев Т.15.2 С.345.
A31: λH2O | B31: λH2O | C31: Вт/(м*оС) | D31: =-5*10^-8*D$19^2+0.0002*D$19+0.0225 -> 0.19125103 | E31: =-5*10^-8*E$19^2+0.0002*E$19+0.0225 -> 0.16417596 | F31: =-5*10^-8*F$19^2+0.0002*F$19+0.0225 -> 0.13619203 | G31: =-5*10^-8*G$19^2+0.0002*G$19+0.0225 -> 0.12146065 | H31: =-5*10^-8*H$19^2+0.0002*H$19+0.0225 -> 0.11111632 | I31: =-5*10^-8*I$19^2+0.0002*I$19+0.0225 -> 0.10461757 | J31: =-5*10^-8*J$19^2+0.0002*J$19+0.0225 -> #DIV/0! | K31: =-5*10^-8*K$19^2+0.0002*K$19+0.0225 -> #DIV/0! | ... M31: =-5*10^-8*M$19^2+0.0002*M$19+0.0225 -> #DIV/0! | N31: Бабичев Т.15.2 С.345.
A32: λO2 | B32: λO2 | C32: Вт/(м*оС) | D32: =-4*10^-8*D$19^2+9*10^-5*D$19+0.024 -> 0.074339771 | E32: =-4*10^-8*E$19^2+9*10^-5*E$19+0.024 -> 0.072943386 | F32: =-4*10^-8*F$19^2+9*10^-5*F$19+0.024 -> 0.066921994 | G32: =-4*10^-8*G$19^2+9*10^-5*G$19+0.024 -> 0.062676591 | H32: =-4*10^-8*H$19^2+9*10^-5*H$19+0.024 -> 0.059370808 | I32: =-4*10^-8*I$19^2+9*10^-5*I$19+0.024 -> 0.057176511 | J32: =-4*10^-8*J$19^2+9*10^-5*J$19+0.024 -> #DIV/0! | K32: =-4*10^-8*K$19^2+9*10^-5*K$19+0.024 -> #DIV/0! | ... M32: =-4*10^-8*M$19^2+9*10^-5*M$19+0.024 -> #DIV/0! | N32: Бабичев Т.15.2 С.345.
A33: λN2 | B33: λN2 | C33: Вт/(м*оС) | D33: =-5*10^-8*D$19^2+9*10^-5*D$19+0.0231 -> 0.058812233 | E33: =-5*10^-8*E$19^2+9*10^-5*E$19+0.0231 -> 0.063580075 | F33: =-5*10^-8*F$19^2+9*10^-5*F$19+0.0231 -> 0.061313754 | G33: =-5*10^-8*G$19^2+9*10^-5*G$19+0.0231 -> 0.058430476 | H33: =-5*10^-8*H$19^2+9*10^-5*H$19+0.0231 -> 0.055895644 | I33: =-5*10^-8*I$19^2+9*10^-5*I$19+0.0231 -> 0.05411857 | J33: =-5*10^-8*J$19^2+9*10^-5*J$19+0.0231 -> #DIV/0! | K33: =-5*10^-8*K$19^2+9*10^-5*K$19+0.0231 -> #DIV/0! | ... M33: =-5*10^-8*M$19^2+9*10^-5*M$19+0.0231 -> #DIV/0! | N33: Бабичев Т.15.2 С.345.
A34: λCO2 | B34: λCO2 | C34: Вт/(м*оС) | D34: =-1*10^-8*D$19^2+8*10^-5*D$19+0.0145 -> 0.09662795 | E34: =-1*10^-8*E$19^2+8*10^-5*E$19+0.0145 -> 0.079633696 | F34: =-1*10^-8*F$19^2+8*10^-5*F$19+0.0145 -> 0.064685053 | G34: =-1*10^-8*G$19^2+8*10^-5*G$19+0.0145 -> 0.057430374 | H34: =-1*10^-8*H$19^2+8*10^-5*H$19+0.0145 -> 0.052521691 | I34: =-1*10^-8*I$19^2+8*10^-5*I$19+0.0145 -> 0.049504968 | J34: =-1*10^-8*J$19^2+8*10^-5*J$19+0.0145 -> #DIV/0! | K34: =-1*10^-8*K$19^2+8*10^-5*K$19+0.0145 -> #DIV/0! | ... M34: =-1*10^-8*M$19^2+8*10^-5*M$19+0.0145 -> #DIV/0! | N34: Бабичев Т.15.2 С.345.
A35: λСО | B35: λСО | C35: Вт/(м*оС) | D35: =-1*10^-8*D$19^2+7*10^-5*D$19+0.0233 -> 0.093333514 | E35: =-1*10^-8*E$19^2+7*10^-5*E$19+0.0233 -> 0.07923407 | F35: =-1*10^-8*F$19^2+7*10^-5*F$19+0.0233 -> 0.066623391 | G35: =-1*10^-8*G$19^2+7*10^-5*G$19+0.0233 -> 0.060445813 | H35: =-1*10^-8*H$19^2+7*10^-5*H$19+0.0233 -> 0.056247084 | I35: =-1*10^-8*I$19^2+7*10^-5*I$19+0.0233 -> 0.053659604 | J35: =-1*10^-8*J$19^2+7*10^-5*J$19+0.0233 -> #DIV/0! | K35: =-1*10^-8*K$19^2+7*10^-5*K$19+0.0233 -> #DIV/0! | ... M35: =-1*10^-8*M$19^2+7*10^-5*M$19+0.0233 -> #DIV/0! | N35: Бабичев Т.15.2 С.345.
A36: Коэффициент теплопроводности газов при tср | B36: λ | C36: Вт/(м*оС) | D36: =Таб6!C8*D29+Таб6!C10*D30+Таб6!C12*D31+Таб6!C14*D32+Таб6!C16*D33+Таб6!C18*D34 -> 0.10831574 | E36: =Таб6!D8*E29+Таб6!D10*E30+Таб6!D12*E31+Таб6!D14*E32+Таб6!D16*E33+Таб6!D18*E34 -> 0.096020518 | F36: =Таб6!E8*F29+Таб6!E10*F30+Таб6!E12*F31+Таб6!E14*F32+Таб6!E16*F33+Таб6!E18*F34 -> 0.081366413 | G36: =Таб6!F8*G29+Таб6!F10*G30+Таб6!F12*G31+Таб6!F14*G32+Таб6!F16*G33+Таб6!F18*G34 -> 0.073377785 | H36: =Таб6!G8*H29+Таб6!G10*H30+Таб6!G12*H31+Таб6!G14*H32+Таб6!G16*H33+Таб6!G18*H34 -> 0.067990942 | I36: =Таб6!H8*I29+Таб6!H10*I30+Таб6!H12*I31+Таб6!H14*I32+Таб6!H16*I33+Таб6!H18*I34 -> 0.064473083 | J36: =Таб6!I8*J29+Таб6!I10*J30+Таб6!I12*J31+Таб6!I14*J32+Таб6!I16*J33+Таб6!I18*J34 -> #DIV/0! | K36: =Таб6!J8*K29+Таб6!J10*K30+Таб6!J12*K31+Таб6!J14*K32+Таб6!J16*K33+Таб6!J18*K34 -> #DIV/0! | ... M36: =Таб6!L8*M29+Таб6!L10*M30+Таб6!L12*M31+Таб6!L14*M32+Таб6!L16*M33+Таб6!L18*M34 -> #DIV/0!
C37: ккал/(м*ч*°С) | D37: =0.859*D36 -> 0.093043223 | E37: =0.859*E36 -> 0.082481625 | F37: =0.859*F36 -> 0.069893749 | G37: =0.859*G36 -> 0.063031517 | H37: =0.859*H36 -> 0.058404219 | I37: =0.859*I36 -> 0.055382378 | J37: =0.859*J36 -> #DIV/0! | K37: =0.859*K36 -> #DIV/0! | ... M37: =0.859*M36 -> #DIV/0!
A38: λвоздух | B38: λ | C38: Вт/(м*оС) | D38: =-2*10^-8*D$19^2+7*10^-5*D$19+0.0245 -> 0.079905976 | E38: =-2*10^-8*E$19^2+7*10^-5*E$19+0.0245 -> 0.071970758 | F38: =-2*10^-8*F$19^2+7*10^-5*F$19+0.0245 -> 0.063115151 | G38: =-2*10^-8*G$19^2+7*10^-5*G$19+0.0245 -> 0.058299698 | H38: =-2*10^-8*H$19^2+7*10^-5*H$19+0.0245 -> 0.054871921 | I38: =-2*10^-8*I$19^2+7*10^-5*I$19+0.0245 -> 0.052701664 | J38: =-2*10^-8*J$19^2+7*10^-5*J$19+0.0245 -> #DIV/0! | K38: =-2*10^-8*K$19^2+7*10^-5*K$19+0.0245 -> #DIV/0! | ... M38: =-2*10^-8*M$19^2+7*10^-5*M$19+0.0245 -> #DIV/0! | N38: Бабичев Т.15.2 С.345.
A39: μSO2 | B39: μSO2 | C39: Па*с | D39: =-1*10^-11*D$19^2+5*10^-8*D$19+1*10^-5 -> 5.5844642e-05 | E39: =-1*10^-11*E$19^2+5*10^-8*E$19+1*10^-5 -> 4.7534818e-05 | F39: =-1*10^-11*F$19^2+5*10^-8*F$19+1*10^-5 -> 3.9600068e-05 | G39: =-1*10^-11*G$19^2+5*10^-8*G$19+1*10^-5 -> 3.5576691e-05 | H39: =-1*10^-11*H$19^2+5*10^-8*H$19+1*10^-5 -> 3.2797871e-05 | I39: =-1*10^-11*I$19^2+5*10^-8*I$19+1*10^-5 -> 3.1068877e-05 | J39: =-1*10^-11*J$19^2+5*10^-8*J$19+1*10^-5 -> #DIV/0! | K39: =-1*10^-11*K$19^2+5*10^-8*K$19+1*10^-5 -> #DIV/0! | ... M39: =-1*10^-11*M$19^2+5*10^-8*M$19+1*10^-5 -> #DIV/0! | N39: Бабичев Т.15.2 С.345.
A40: μSO3 | B40: μSO3 | C40: Па*с | D40: =-1*10^-11*D$19^2+5*10^-8*D$19+1*10^-5 -> 5.5844642e-05 | E40: =-1*10^-11*E$19^2+5*10^-8*E$19+1*10^-5 -> 4.7534818e-05 | F40: =-1*10^-11*F$19^2+5*10^-8*F$19+1*10^-5 -> 3.9600068e-05 | G40: =-1*10^-11*G$19^2+5*10^-8*G$19+1*10^-5 -> 3.5576691e-05 | H40: =-1*10^-11*H$19^2+5*10^-8*H$19+1*10^-5 -> 3.2797871e-05 | I40: =-1*10^-11*I$19^2+5*10^-8*I$19+1*10^-5 -> 3.1068877e-05 | J40: =-1*10^-11*J$19^2+5*10^-8*J$19+1*10^-5 -> #DIV/0! | K40: =-1*10^-11*K$19^2+5*10^-8*K$19+1*10^-5 -> #DIV/0! | ... M40: =-1*10^-11*M$19^2+5*10^-8*M$19+1*10^-5 -> #DIV/0! | N40: Бабичев Т.15.2 С.345.
A41: μH2O | B41: μH2O | C41: Па*с | D41: =6*10^-14*D$19^2+4*10^-8*D$19+9*10^-6 -> 5.746551e-05 | E41: =6*10^-14*E$19^2+4*10^-8*E$19+9*10^-6 -> 4.5849284e-05 | F41: =6*10^-14*F$19^2+4*10^-8*F$19+9*10^-6 -> 3.6474896e-05 | G41: =6*10^-14*G$19^2+4*10^-8*G$19+9*10^-6 -> 3.2158321e-05 | H41: =6*10^-14*H$19^2+4*10^-8*H$19+9*10^-6 -> 2.9313878e-05 | I41: =6*10^-14*I$19^2+4*10^-8*I$19+9*10^-6 -> 2.7594402e-05 | J41: =6*10^-14*J$19^2+4*10^-8*J$19+9*10^-6 -> #DIV/0! | K41: =6*10^-14*K$19^2+4*10^-8*K$19+9*10^-6 -> #DIV/0! | ... M41: =6*10^-14*M$19^2+4*10^-8*M$19+9*10^-6 -> #DIV/0! | N41: Бабичев Т.15.2 С.345.
A42: μO2 | B42: μO2 | C42: Па*с | D42: =-1*10^-11*D$19^2+5*10^-8*D$19+2*10^-5 -> 6.5844642e-05 | E42: =-1*10^-11*E$19^2+5*10^-8*E$19+2*10^-5 -> 5.7534818e-05 | F42: =-1*10^-11*F$19^2+5*10^-8*F$19+2*10^-5 -> 4.9600068e-05 | G42: =-1*10^-11*G$19^2+5*10^-8*G$19+2*10^-5 -> 4.5576691e-05 | H42: =-1*10^-11*H$19^2+5*10^-8*H$19+2*10^-5 -> 4.2797871e-05 | I42: =-1*10^-11*I$19^2+5*10^-8*I$19+2*10^-5 -> 4.1068877e-05 | J42: =-1*10^-11*J$19^2+5*10^-8*J$19+2*10^-5 -> #DIV/0! | K42: =-1*10^-11*K$19^2+5*10^-8*K$19+2*10^-5 -> #DIV/0! | ... M42: =-1*10^-11*M$19^2+5*10^-8*M$19+2*10^-5 -> #DIV/0! | N42: Бабичев Т.15.2 С.345.
A43: μN2 | B43: μN2 | C43: Па*с | D43: =-1*10^-11*D$19^2+4*10^-8*D$19+2*10^-5 -> 5.3750206e-05 | E43: =-1*10^-11*E$19^2+4*10^-8*E$19+2*10^-5 -> 4.8335192e-05 | F43: =-1*10^-11*F$19^2+4*10^-8*F$19+2*10^-5 -> 4.2738406e-05 | G43: =-1*10^-11*G$19^2+4*10^-8*G$19+2*10^-5 -> 3.979213e-05 | H43: =-1*10^-11*H$19^2+4*10^-8*H$19+2*10^-5 -> 3.7723264e-05 | I43: =-1*10^-11*I$19^2+4*10^-8*I$19+2*10^-5 -> 3.6423514e-05 | J43: =-1*10^-11*J$19^2+4*10^-8*J$19+2*10^-5 -> #DIV/0! | K43: =-1*10^-11*K$19^2+4*10^-8*K$19+2*10^-5 -> #DIV/0! | ... M43: =-1*10^-11*M$19^2+4*10^-8*M$19+2*10^-5 -> #DIV/0! | N43: Бабичев Т.15.2 С.345.
A44: μCO2 | B44: μCO2 | C44: Па*с | D44: =-1*10^-11*D$19^2+4*10^-8*D$19+1*10^-5 -> 4.3750206e-05 | E44: =-1*10^-11*E$19^2+4*10^-8*E$19+1*10^-5 -> 3.8335192e-05 | F44: =-1*10^-11*F$19^2+4*10^-8*F$19+1*10^-5 -> 3.2738406e-05 | G44: =-1*10^-11*G$19^2+4*10^-8*G$19+1*10^-5 -> 2.979213e-05 | H44: =-1*10^-11*H$19^2+4*10^-8*H$19+1*10^-5 -> 2.7723264e-05 | I44: =-1*10^-11*I$19^2+4*10^-8*I$19+1*10^-5 -> 2.6423514e-05 | J44: =-1*10^-11*J$19^2+4*10^-8*J$19+1*10^-5 -> #DIV/0! | K44: =-1*10^-11*K$19^2+4*10^-8*K$19+1*10^-5 -> #DIV/0! | ... M44: =-1*10^-11*M$19^2+4*10^-8*M$19+1*10^-5 -> #DIV/0! | N44: Бабичев Т.15.2 С.345.
A45: μСО | B45: μСО | C45: Па*с | D45: =-1*10^-11*D$19^2+4*10^-8*D$19+2*10^-5 -> 5.3750206e-05 | E45: =-1*10^-11*E$19^2+4*10^-8*E$19+2*10^-5 -> 4.8335192e-05 | F45: =-1*10^-11*F$19^2+4*10^-8*F$19+2*10^-5 -> 4.2738406e-05 | G45: =-1*10^-11*G$19^2+4*10^-8*G$19+2*10^-5 -> 3.979213e-05 | H45: =-1*10^-11*H$19^2+4*10^-8*H$19+2*10^-5 -> 3.7723264e-05 | I45: =-1*10^-11*I$19^2+4*10^-8*I$19+2*10^-5 -> 3.6423514e-05 | J45: =-1*10^-11*J$19^2+4*10^-8*J$19+2*10^-5 -> #DIV/0! | K45: =-1*10^-11*K$19^2+4*10^-8*K$19+2*10^-5 -> #DIV/0! | ... M45: =-1*10^-11*M$19^2+4*10^-8*M$19+2*10^-5 -> #DIV/0! | N45: Бабичев Т.15.2 С.345.
A46: Коэффициент динамической вязкости при tср | B46: μгазов | C46: Па*с | D46: =Таб6!C8*D39+Таб6!C10*D40+Таб6!C12*D41+Таб6!C14*D42+Таб6!C16*D43+Таб6!C18*D44 -> 5.5068091e-05 | E46: =Таб6!D8*E39+Таб6!D10*E40+Таб6!D12*E41+Таб6!D14*E42+Таб6!D16*E43+Таб6!D18*E44 -> 4.6814765e-05 | F46: =Таб6!E8*F39+Таб6!E10*F40+Таб6!E12*F41+Таб6!E14*F42+Таб6!E16*F43+Таб6!E18*F44 -> 3.9479756e-05 | G46: =Таб6!F8*G39+Таб6!F10*G40+Таб6!F12*G41+Таб6!F14*G42+Таб6!F16*G43+Таб6!F18*G44 -> 3.5938179e-05 | H46: =Таб6!G8*H39+Таб6!G10*H40+Таб6!G12*H41+Таб6!G14*H42+Таб6!G16*H43+Таб6!G18*H44 -> 3.3433761e-05 | I46: =Таб6!H8*I39+Таб6!H10*I40+Таб6!H12*I41+Таб6!H14*I42+Таб6!H16*I43+Таб6!H18*I44 -> 3.1934447e-05 | J46: =Таб6!I8*J39+Таб6!I10*J40+Таб6!I12*J41+Таб6!I14*J42+Таб6!I16*J43+Таб6!I18*J44 -> #DIV/0! | K46: =Таб6!J8*K39+Таб6!J10*K40+Таб6!J12*K41+Таб6!J14*K42+Таб6!J16*K43+Таб6!J18*K44 -> #DIV/0! | ... M46: =Таб6!L8*M39+Таб6!L10*M40+Таб6!L12*M41+Таб6!L14*M42+Таб6!L16*M43+Таб6!L18*M44 -> #DIV/0!
A47: Коэффициент кинематической вязкости | B47: ν | C47: м2/с | D47: =D46*Таб6!C21 -> 3.5596409e-05 | E47: =E46*Таб6!D21 -> 3.0285364e-05 | F47: =F46*Таб6!E21 -> 2.5677345e-05 | G47: =G46*Таб6!F21 -> 2.3475732e-05 | H47: =H46*Таб6!G21 -> 2.1839783e-05 | I47: =I46*Таб6!H21 -> 2.0889651e-05 | J47: =J46*Таб6!I21 -> #DIV/0! | K47: =K46*Таб6!J21 -> #DIV/0! | ... M47: =M46*Таб6!L21 -> #DIV/0!
A48: Число Рейнольдса | D48: =D2*D7/D47 -> 255690.61 | E48: =E2*E7/E47 -> 156758.22 | F48: =F2*F7/F47 -> 559476.73 | G48: =G2*G7/G47 -> 232772.46 | H48: =H2*H7/H47 -> 114323.75 | I48: =I2*I7/I47 -> 222138.35 | J48: =J2*J7/J47 -> #DIV/0! | K48: =K2*K7/K47 -> #DIV/0! | ... M48: =M2*M7/M47 -> #DIV/0!
A49: Коэффициент температурапроводности газов | B49: α | C49: м2/с | D49: =D36/Таб6!C26/1000 -> 5.9714155e-05 | E49: =E36/Таб6!D26/1000 -> 5.6293447e-05 | F49: =F36/Таб6!E26/1000 -> 4.8364881e-05 | G49: =G36/Таб6!F26/1000 -> 4.4637524e-05 | H49: =H36/Таб6!G26/1000 -> 4.141847e-05 | I49: =I36/Таб6!H26/1000 -> 3.9939902e-05 | J49: =J36/Таб6!I26/1000 -> #DIV/0! | K49: =K36/Таб6!J26/1000 -> #DIV/0! | ... M49: =M36/Таб6!L26/1000 -> #DIV/0!
A50: Число Прандтля газа | D50: =D47/D49 -> 0.59611343 | E50: =E47/E49 -> 0.53799094 | F50: =F47/F49 -> 0.53090889 | G50: =G47/G49 -> 0.52591923 | H50: =H47/H49 -> 0.52729574 | I50: =I47/I49 -> 0.52302712 | J50: =J47/J49 -> #DIV/0! | K50: =K47/K49 -> #DIV/0! | ... M50: =M47/M49 -> #DIV/0! | P50: =D46*Таб6!C26/D36 -> 0.00092219494
A51: Число Прандтля газа | D51: {=IFERROR(INDEX(Пр1_Физические_характеристики_дымовых_газов_среднего_состава[Критерий Прандтля Pr],MATCH(MIN(IF(Пр1_Физические_характеристики_дымовых_газов_среднего_состава[Температура, °С]>=D$19,Пр1_Физические_характеристики_дымовых_газов_среднего_состава[Температура, °С],"")),Пр1_Физические_характеристики_дымовых_газов_среднего_состава[Температура, °С],0),0),"Ошибка")} -> 0.55 | E51: {=IFERROR(INDEX(Пр1_Физические_характеристики_дымовых_газов_среднего_состава[Критерий Прандтля Pr],MATCH(MIN(IF(Пр1_Физические_характеристики_дымовых_газов_среднего_состава[Температура, °С]>=E$19,Пр1_Физические_характеристики_дымовых_газов_среднего_состава[Температура, °С],"")),Пр1_Физические_характеристики_дымовых_газов_среднего_состава[Температура, °С],0),0),"Ошибка")} -> 0.58 | F51: {=IFERROR(INDEX(Пр1_Физические_характеристики_дымовых_газов_среднего_состава[Критерий Прандтля Pr],MATCH(MIN(IF(Пр1_Физические_характеристики_дымовых_газов_среднего_состава[Температура, °С]>=F$19,Пр1_Физические_характеристики_дымовых_газов_среднего_состава[Температура, °С],"")),Пр1_Физические_характеристики_дымовых_газов_среднего_состава[Температура, °С],0),0),"Ошибка")} -> 0.6 | G51: {=IFERROR(INDEX(Пр1_Физические_характеристики_дымовых_газов_среднего_состава[Критерий Прандтля Pr],MATCH(MIN(IF(Пр1_Физические_характеристики_дымовых_газов_среднего_состава[Температура, °С]>=G$19,Пр1_Физические_характеристики_дымовых_газов_среднего_состава[Температура, °С],"")),Пр1_Физические_характеристики_дымовых_газов_среднего_состава[Температура, °С],0),0),"Ошибка")} -> 0.61 | H51: {=IFERROR(INDEX(Пр1_Физические_характеристики_дымовых_газов_среднего_состава[Критерий Прандтля Pr],MATCH(MIN(IF(Пр1_Физические_характеристики_дымовых_газов_среднего_состава[Температура, °С]>=H$19,Пр1_Физические_характеристики_дымовых_газов_среднего_состава[Температура, °С],"")),Пр1_Физические_характеристики_дымовых_газов_среднего_состава[Температура, °С],0),0),"Ошибка")} -> 0.61 | I51: {=IFERROR(INDEX(Пр1_Физические_характеристики_дымовых_газов_среднего_состава[Критерий Прандтля Pr],MATCH(MIN(IF(Пр1_Физические_характеристики_дымовых_газов_среднего_состава[Температура, °С]>=I$19,Пр1_Физические_характеристики_дымовых_газов_среднего_состава[Температура, °С],"")),Пр1_Физические_характеристики_дымовых_газов_среднего_состава[Температура, °С],0),0),"Ошибка")} -> 0.62 | J51: {=IFERROR(INDEX(Пр1_Физические_характеристики_дымовых_газов_среднего_состава[Критерий Прандтля Pr],MATCH(MIN(IF(Пр1_Физические_характеристики_дымовых_газов_среднего_состава[Температура, °С]>=J$19,Пр1_Физические_характеристики_дымовых_газов_среднего_состава[Температура, °С],"")),Пр1_Физические_характеристики_дымовых_газов_среднего_состава[Температура, °С],0),0),"Ошибка")} -> Ошибка | K51: {=IFERROR(INDEX(Пр1_Физические_характеристики_дымовых_газов_среднего_состава[Критерий Прандтля Pr],MATCH(MIN(IF(Пр1_Физические_характеристики_дымовых_газов_среднего_состава[Температура, °С]>=K$19,Пр1_Физические_характеристики_дымовых_газов_среднего_состава[Температура, °С],"")),Пр1_Физические_характеристики_дымовых_газов_среднего_состава[Температура, °С],0),0),"Ошибка")} -> Ошибка | ... M51: {=IFERROR(INDEX(Пр1_Физические_характеристики_дымовых_газов_среднего_состава[Критерий Прандтля Pr],MATCH(MIN(IF(Пр1_Физические_характеристики_дымовых_газов_среднего_состава[Температура, °С]>=M$19,Пр1_Физические_характеристики_дымовых_газов_среднего_состава[Температура, °С],"")),Пр1_Физические_характеристики_дымовых_газов_среднего_состава[Температура, °С],0),0),"Ошибка")} -> Ошибка | N51: Кузнецов НВ Табл. IV Стр. 170
A52: Число Прандтля стенки | D52: {=IFERROR(INDEX(Пр1_Физические_характеристики_дымовых_газов_среднего_состава[Критерий Прандтля Pr],MATCH(MIN(IF(Пр1_Физические_характеристики_дымовых_газов_среднего_состава[Температура, °С]>=D$27,Пр1_Физические_характеристики_дымовых_газов_среднего_состава[Температура, °С],"")),Пр1_Физические_характеристики_дымовых_газов_среднего_состава[Температура, °С],0),0),"Ошибка")} -> 0.58 | E52: {=IFERROR(INDEX(Пр1_Физические_характеристики_дымовых_газов_среднего_состава[Критерий Прандтля Pr],MATCH(MIN(IF(Пр1_Физические_характеристики_дымовых_газов_среднего_состава[Температура, °С]>=E$27,Пр1_Физические_характеристики_дымовых_газов_среднего_состава[Температура, °С],"")),Пр1_Физические_характеристики_дымовых_газов_среднего_состава[Температура, °С],0),0),"Ошибка")} -> 0.61 | F52: {=IFERROR(INDEX(Пр1_Физические_характеристики_дымовых_газов_среднего_состава[Критерий Прандтля Pr],MATCH(MIN(IF(Пр1_Физические_характеристики_дымовых_газов_среднего_состава[Температура, °С]>=F$27,Пр1_Физические_характеристики_дымовых_газов_среднего_состава[Температура, °С],"")),Пр1_Физические_характеристики_дымовых_газов_среднего_состава[Температура, °С],0),0),"Ошибка")} -> 0.64 | G52: {=IFERROR(INDEX(Пр1_Физические_характеристики_дымовых_газов_среднего_состава[Критерий Прандтля Pr],MATCH(MIN(IF(Пр1_Физические_характеристики_дымовых_газов_среднего_состава[Температура, °С]>=G$27,Пр1_Физические_характеристики_дымовых_газов_среднего_состава[Температура, °С],"")),Пр1_Физические_характеристики_дымовых_газов_среднего_состава[Температура, °С],0),0),"Ошибка")} -> 0.64 | H52: {=IFERROR(INDEX(Пр1_Физические_характеристики_дымовых_газов_среднего_состава[Критерий Прандтля Pr],MATCH(MIN(IF(Пр1_Физические_характеристики_дымовых_газов_среднего_состава[Температура, °С]>=H$27,Пр1_Физические_характеристики_дымовых_газов_среднего_состава[Температура, °С],"")),Пр1_Физические_характеристики_дымовых_газов_среднего_состава[Температура, °С],0),0),"Ошибка")} -> 0.65 | I52: {=IFERROR(INDEX(Пр1_Физические_характеристики_дымовых_газов_среднего_состава[Критерий Прандтля Pr],MATCH(MIN(IF(Пр1_Физические_характеристики_дымовых_газов_среднего_состава[Температура, °С]>=I$27,Пр1_Физические_характеристики_дымовых_газов_среднего_состава[Температура, °С],"")),Пр1_Физические_характеристики_дымовых_газов_среднего_состава[Температура, °С],0),0),"Ошибка")} -> 0.65 | J52: {=IFERROR(INDEX(Пр1_Физические_характеристики_дымовых_газов_среднего_состава[Критерий Прандтля Pr],MATCH(MIN(IF(Пр1_Физические_характеристики_дымовых_газов_среднего_состава[Температура, °С]>=J$27,Пр1_Физические_характеристики_дымовых_газов_среднего_состава[Температура, °С],"")),Пр1_Физические_характеристики_дымовых_газов_среднего_состава[Температура, °С],0),0),"Ошибка")} -> Ошибка | K52: {=IFERROR(INDEX(Пр1_Физические_характеристики_дымовых_газов_среднего_состава[Критерий Прандтля Pr],MATCH(MIN(IF(Пр1_Физические_характеристики_дымовых_газов_среднего_состава[Температура, °С]>=K$27,Пр1_Физические_характеристики_дымовых_газов_среднего_состава[Температура, °С],"")),Пр1_Физические_характеристики_дымовых_газов_среднего_состава[Температура, °С],0),0),"Ошибка")} -> Ошибка | ... M52: {=IFERROR(INDEX(Пр1_Физические_характеристики_дымовых_газов_среднего_состава[Критерий Прандтля Pr],MATCH(MIN(IF(Пр1_Физические_характеристики_дымовых_газов_среднего_состава[Температура, °С]>=M$27,Пр1_Физические_характеристики_дымовых_газов_среднего_состава[Температура, °С],"")),Пр1_Физические_характеристики_дымовых_газов_среднего_состава[Температура, °С],0),0),"Ошибка")} -> Ошибка | N52: Кузнецов НВ Табл. IV Стр. 170
A53: Число Нуссельта | D53: =0.023*D51^0.4*D48^0.8*(D51/D52)^0.25 -> 378.68527 | E53: =0.023*E51^0.4*E48^0.8*(E51/E52)^0.25 -> 261.70248 | F53: =0.023*F51^0.4*F48^0.8*(F51/F52)^0.25 -> 731.48728 | G53: =0.023*G51^0.4*G48^0.8*(G51/G52)^0.25 -> 366.60004 | H53: =0.023*H51^0.4*H48^0.8*(H51/H52)^0.25 -> 206.76312 | I53: =0.023*I51^0.4*I48^0.8*(I51/I52)^0.25 -> 355.51091 | J53: =0.023*J51^0.4*J48^0.8*(J51/J52)^0.25 -> #VALUE! | K53: =0.023*K51^0.4*K48^0.8*(K51/K52)^0.25 -> #VALUE! | ... M53: =0.023*M51^0.4*M48^0.8*(M51/M52)^0.25 -> #VALUE! | N53: Мастрюков БС (34) стр. 30
A54: Коэффициент теплоотдачи конвекцией | C54: ккал/(м2*ч*°С) | D54: =D53*D37/D7 -> 6.0255168 | E54: =E53*E37/E7 -> 2.8017499 | F54: =F53*F37/F7 -> 8.2889338 | G54: =G53*G37/G7 -> 7.1390504 | H54: =H53*H37/H7 -> 3.0525569 | I54: =I53*I37/I7 -> 6.0829565 | J54: =J53*J37/J7 -> #VALUE! | K54: =K53*K37/K7 -> #VALUE! | ... M54: =M53*M37/M7 -> #VALUE! | N54: Мастрюков БС (28) стр. 29
A55: Суммарный коэффициент теплоотдачи от газов к листу | C55: ккал/(м2*ч*°С) | D55: =D22+D54 -> 268.34302 | E55: =E22+E54 -> 162.15837 | F55: =F22+F54 -> 109.78657 | G55: =G22+G54 -> 64.800334 | H55: =H22+H54 -> 51.255044 | I55: =I22+I54 -> 42.942289 | J55: =J22+J54 -> #DIV/0! | K55: =K22+K54 -> #DIV/0! | ... M55: =M22+M54 -> #DIV/0!
A56: Коэффициент теплопроводности пара | C56: ккал/(м*ч*°С) | D56: {=IFERROR(INDEX(Пр4_Физические_свойства_водяного_пара[Теплопроводность λ, мВт/(м*К)],MATCH(MIN(IF(Пр4_Физические_свойства_водяного_пара[Температура, оС]>=Таб4!$D$3,Пр4_Физические_свойства_водяного_пара[Температура, оС],"")),Пр4_Физические_свойства_водяного_пара[Температура, оС],0),0),"Ошибка")*10^-2} -> 0.54 | E56: {=IFERROR(INDEX(Пр4_Физические_свойства_водяного_пара[Теплопроводность λ, мВт/(м*К)],MATCH(MIN(IF(Пр4_Физические_свойства_водяного_пара[Температура, оС]>=Таб4!$D$3,Пр4_Физические_свойства_водяного_пара[Температура, оС],"")),Пр4_Физические_свойства_водяного_пара[Температура, оС],0),0),"Ошибка")*10^-2} -> 0.54 | F56: {=IFERROR(INDEX(Пр4_Физические_свойства_водяного_пара[Теплопроводность λ, мВт/(м*К)],MATCH(MIN(IF(Пр4_Физические_свойства_водяного_пара[Температура, оС]>=Таб4!$D$3,Пр4_Физические_свойства_водяного_пара[Температура, оС],"")),Пр4_Физические_свойства_водяного_пара[Температура, оС],0),0),"Ошибка")*10^-2} -> 0.54 | G56: {=IFERROR(INDEX(Пр4_Физические_свойства_водяного_пара[Теплопроводность λ, мВт/(м*К)],MATCH(MIN(IF(Пр4_Физические_свойства_водяного_пара[Температура, оС]>=Таб4!$D$3,Пр4_Физические_свойства_водяного_пара[Температура, оС],"")),Пр4_Физические_свойства_водяного_пара[Температура, оС],0),0),"Ошибка")*10^-2} -> 0.54 | H56: {=IFERROR(INDEX(Пр4_Физические_свойства_водяного_пара[Теплопроводность λ, мВт/(м*К)],MATCH(MIN(IF(Пр4_Физические_свойства_водяного_пара[Температура, оС]>=Таб4!$D$3,Пр4_Физические_свойства_водяного_пара[Температура, оС],"")),Пр4_Физические_свойства_водяного_пара[Температура, оС],0),0),"Ошибка")*10^-2} -> 0.54 | I56: {=IFERROR(INDEX(Пр4_Физические_свойства_водяного_пара[Теплопроводность λ, мВт/(м*К)],MATCH(MIN(IF(Пр4_Физические_свойства_водяного_пара[Температура, оС]>=Таб4!$D$3,Пр4_Физические_свойства_водяного_пара[Температура, оС],"")),Пр4_Физические_свойства_водяного_пара[Температура, оС],0),0),"Ошибка")*10^-2} -> 0.54 | J56: {=IFERROR(INDEX(Пр4_Физические_свойства_водяного_пара[Теплопроводность λ, мВт/(м*К)],MATCH(MIN(IF(Пр4_Физические_свойства_водяного_пара[Температура, оС]>=Таб4!$D$3,Пр4_Физические_свойства_водяного_пара[Температура, оС],"")),Пр4_Физические_свойства_водяного_пара[Температура, оС],0),0),"Ошибка")*10^-2} -> 0.54 | K56: {=IFERROR(INDEX(Пр4_Физические_свойства_водяного_пара[Теплопроводность λ, мВт/(м*К)],MATCH(MIN(IF(Пр4_Физические_свойства_водяного_пара[Температура, оС]>=Таб4!$D$3,Пр4_Физические_свойства_водяного_пара[Температура, оС],"")),Пр4_Физические_свойства_водяного_пара[Температура, оС],0),0),"Ошибка")*10^-2} -> 0.54 | ... M56: {=IFERROR(INDEX(Пр4_Физические_свойства_водяного_пара[Теплопроводность λ, мВт/(м*К)],MATCH(MIN(IF(Пр4_Физические_свойства_водяного_пара[Температура, оС]>=Таб4!$D$3,Пр4_Физические_свойства_водяного_пара[Температура, оС],"")),Пр4_Физические_свойства_водяного_пара[Температура, оС],0),0),"Ошибка")*10^-2} -> 0.54
A57: Коэффициент теплопроводности воды | C57: ккал/(м*ч*°С) | D57: {=IFERROR(INDEX(Пр5_Физические_свойства_воды[Теплопроводность λ, мВт/(м*К)],MATCH(MIN(IF(Пр5_Физические_свойства_воды[Температура, оС]>=Таб4!$D$3,Пр5_Физические_свойства_воды[Температура, оС],"")),Пр5_Физические_свойства_воды[Температура, оС],0),0),"Ошибка")*10^-2} -> 6.096 | E57: {=IFERROR(INDEX(Пр5_Физические_свойства_воды[Теплопроводность λ, мВт/(м*К)],MATCH(MIN(IF(Пр5_Физические_свойства_воды[Температура, оС]>=Таб4!$D$3,Пр5_Физические_свойства_воды[Температура, оС],"")),Пр5_Физические_свойства_воды[Температура, оС],0),0),"Ошибка")*10^-2} -> 6.096 | F57: {=IFERROR(INDEX(Пр5_Физические_свойства_воды[Теплопроводность λ, мВт/(м*К)],MATCH(MIN(IF(Пр5_Физические_свойства_воды[Температура, оС]>=Таб4!$D$3,Пр5_Физические_свойства_воды[Температура, оС],"")),Пр5_Физические_свойства_воды[Температура, оС],0),0),"Ошибка")*10^-2} -> 6.096 | G57: {=IFERROR(INDEX(Пр5_Физические_свойства_воды[Теплопроводность λ, мВт/(м*К)],MATCH(MIN(IF(Пр5_Физические_свойства_воды[Температура, оС]>=Таб4!$D$3,Пр5_Физические_свойства_воды[Температура, оС],"")),Пр5_Физические_свойства_воды[Температура, оС],0),0),"Ошибка")*10^-2} -> 6.096 | H57: {=IFERROR(INDEX(Пр5_Физические_свойства_воды[Теплопроводность λ, мВт/(м*К)],MATCH(MIN(IF(Пр5_Физические_свойства_воды[Температура, оС]>=Таб4!$D$3,Пр5_Физические_свойства_воды[Температура, оС],"")),Пр5_Физические_свойства_воды[Температура, оС],0),0),"Ошибка")*10^-2} -> 6.096 | I57: {=IFERROR(INDEX(Пр5_Физические_свойства_воды[Теплопроводность λ, мВт/(м*К)],MATCH(MIN(IF(Пр5_Физические_свойства_воды[Температура, оС]>=Таб4!$D$3,Пр5_Физические_свойства_воды[Температура, оС],"")),Пр5_Физические_свойства_воды[Температура, оС],0),0),"Ошибка")*10^-2} -> 6.096 | J57: {=IFERROR(INDEX(Пр5_Физические_свойства_воды[Теплопроводность λ, мВт/(м*К)],MATCH(MIN(IF(Пр5_Физические_свойства_воды[Температура, оС]>=Таб4!$D$3,Пр5_Физические_свойства_воды[Температура, оС],"")),Пр5_Физические_свойства_воды[Температура, оС],0),0),"Ошибка")*10^-2} -> 6.096 | K57: {=IFERROR(INDEX(Пр5_Физические_свойства_воды[Теплопроводность λ, мВт/(м*К)],MATCH(MIN(IF(Пр5_Физические_свойства_воды[Температура, оС]>=Таб4!$D$3,Пр5_Физические_свойства_воды[Температура, оС],"")),Пр5_Физические_свойства_воды[Температура, оС],0),0),"Ошибка")*10^-2} -> 6.096 | ... M57: {=IFERROR(INDEX(Пр5_Физические_свойства_воды[Теплопроводность λ, мВт/(м*К)],MATCH(MIN(IF(Пр5_Физические_свойства_воды[Температура, оС]>=Таб4!$D$3,Пр5_Физические_свойства_воды[Температура, оС],"")),Пр5_Физические_свойства_воды[Температура, оС],0),0),"Ошибка")*10^-2} -> 6.096
A58: Коэффициент теплопроводности паро-водяной смеси | C58: ккал/(м*ч*°С) | D58: =Таб1!$C$27*D56+(1-Таб1!$C$27)*D57 -> 5.9571 | E58: =Таб1!$C$27*E56+(1-Таб1!$C$27)*E57 -> 5.9571 | F58: =Таб1!$C$27*F56+(1-Таб1!$C$27)*F57 -> 5.9571 | G58: =Таб1!$C$27*G56+(1-Таб1!$C$27)*G57 -> 5.9571 | H58: =Таб1!$C$27*H56+(1-Таб1!$C$27)*H57 -> 5.9571 | I58: =Таб1!$C$27*I56+(1-Таб1!$C$27)*I57 -> 5.9571 | J58: =Таб1!$C$27*J56+(1-Таб1!$C$27)*J57 -> 5.9571 | K58: =Таб1!$C$27*K56+(1-Таб1!$C$27)*K57 -> 5.9571 | ... M58: =Таб1!$C$27*M56+(1-Таб1!$C$27)*M57 -> 5.9571
A59: Коэффициент динамической вязкости пара | C59: Па*с | D59: {=IFERROR(INDEX(Пр4_Физические_свойства_водяного_пара[Динамическая вязкость μ, мкПа*с],MATCH(MIN(IF(Пр4_Физические_свойства_водяного_пара[Температура, оС]>=Таб4!$D$3,Пр4_Физические_свойства_водяного_пара[Температура, оС],"")),Пр4_Физические_свойства_водяного_пара[Температура, оС],0),0),"Ошибка")*10^-6} -> 1.798e-05 | E59: {=IFERROR(INDEX(Пр4_Физические_свойства_водяного_пара[Динамическая вязкость μ, мкПа*с],MATCH(MIN(IF(Пр4_Физические_свойства_водяного_пара[Температура, оС]>=Таб4!$D$3,Пр4_Физические_свойства_водяного_пара[Температура, оС],"")),Пр4_Физические_свойства_водяного_пара[Температура, оС],0),0),"Ошибка")*10^-6} -> 1.798e-05 | F59: {=IFERROR(INDEX(Пр4_Физические_свойства_водяного_пара[Динамическая вязкость μ, мкПа*с],MATCH(MIN(IF(Пр4_Физические_свойства_водяного_пара[Температура, оС]>=Таб4!$D$3,Пр4_Физические_свойства_водяного_пара[Температура, оС],"")),Пр4_Физические_свойства_водяного_пара[Температура, оС],0),0),"Ошибка")*10^-6} -> 1.798e-05 | G59: {=IFERROR(INDEX(Пр4_Физические_свойства_водяного_пара[Динамическая вязкость μ, мкПа*с],MATCH(MIN(IF(Пр4_Физические_свойства_водяного_пара[Температура, оС]>=Таб4!$D$3,Пр4_Физические_свойства_водяного_пара[Температура, оС],"")),Пр4_Физические_свойства_водяного_пара[Температура, оС],0),0),"Ошибка")*10^-6} -> 1.798e-05 | H59: {=IFERROR(INDEX(Пр4_Физические_свойства_водяного_пара[Динамическая вязкость μ, мкПа*с],MATCH(MIN(IF(Пр4_Физические_свойства_водяного_пара[Температура, оС]>=Таб4!$D$3,Пр4_Физические_свойства_водяного_пара[Температура, оС],"")),Пр4_Физические_свойства_водяного_пара[Температура, оС],0),0),"Ошибка")*10^-6} -> 1.798e-05 | I59: {=IFERROR(INDEX(Пр4_Физические_свойства_водяного_пара[Динамическая вязкость μ, мкПа*с],MATCH(MIN(IF(Пр4_Физические_свойства_водяного_пара[Температура, оС]>=Таб4!$D$3,Пр4_Физические_свойства_водяного_пара[Температура, оС],"")),Пр4_Физические_свойства_водяного_пара[Температура, оС],0),0),"Ошибка")*10^-6} -> 1.798e-05 | J59: {=IFERROR(INDEX(Пр4_Физические_свойства_водяного_пара[Динамическая вязкость μ, мкПа*с],MATCH(MIN(IF(Пр4_Физические_свойства_водяного_пара[Температура, оС]>=Таб4!$D$3,Пр4_Физические_свойства_водяного_пара[Температура, оС],"")),Пр4_Физические_свойства_водяного_пара[Температура, оС],0),0),"Ошибка")*10^-6} -> 1.798e-05 | K59: {=IFERROR(INDEX(Пр4_Физические_свойства_водяного_пара[Динамическая вязкость μ, мкПа*с],MATCH(MIN(IF(Пр4_Физические_свойства_водяного_пара[Температура, оС]>=Таб4!$D$3,Пр4_Физические_свойства_водяного_пара[Температура, оС],"")),Пр4_Физические_свойства_водяного_пара[Температура, оС],0),0),"Ошибка")*10^-6} -> 1.798e-05 | ... M59: {=IFERROR(INDEX(Пр4_Физические_свойства_водяного_пара[Динамическая вязкость μ, мкПа*с],MATCH(MIN(IF(Пр4_Физические_свойства_водяного_пара[Температура, оС]>=Таб4!$D$3,Пр4_Физические_свойства_водяного_пара[Температура, оС],"")),Пр4_Физические_свойства_водяного_пара[Температура, оС],0),0),"Ошибка")*10^-6} -> 1.798e-05
A60: Коэффициент динамической вязкости воды | C60: Па*с | D60: {=IFERROR(INDEX(Пр5_Физические_свойства_воды[Динамическая вязкость μ, мкПа*с],MATCH(MIN(IF(Пр5_Физические_свойства_воды[Температура, оС]>=Таб4!$D$3,Пр5_Физические_свойства_воды[Температура, оС],"")),Пр5_Физические_свойства_воды[Температура, оС],0),0),"Ошибка")*10^-6} -> 0.0001015 | E60: {=IFERROR(INDEX(Пр5_Физические_свойства_воды[Динамическая вязкость μ, мкПа*с],MATCH(MIN(IF(Пр5_Физические_свойства_воды[Температура, оС]>=Таб4!$D$3,Пр5_Физические_свойства_воды[Температура, оС],"")),Пр5_Физические_свойства_воды[Температура, оС],0),0),"Ошибка")*10^-6} -> 0.0001015 | F60: {=IFERROR(INDEX(Пр5_Физические_свойства_воды[Динамическая вязкость μ, мкПа*с],MATCH(MIN(IF(Пр5_Физические_свойства_воды[Температура, оС]>=Таб4!$D$3,Пр5_Физические_свойства_воды[Температура, оС],"")),Пр5_Физические_свойства_воды[Температура, оС],0),0),"Ошибка")*10^-6} -> 0.0001015 | G60: {=IFERROR(INDEX(Пр5_Физические_свойства_воды[Динамическая вязкость μ, мкПа*с],MATCH(MIN(IF(Пр5_Физические_свойства_воды[Температура, оС]>=Таб4!$D$3,Пр5_Физические_свойства_воды[Температура, оС],"")),Пр5_Физические_свойства_воды[Температура, оС],0),0),"Ошибка")*10^-6} -> 0.0001015 | H60: {=IFERROR(INDEX(Пр5_Физические_свойства_воды[Динамическая вязкость μ, мкПа*с],MATCH(MIN(IF(Пр5_Физические_свойства_воды[Температура, оС]>=Таб4!$D$3,Пр5_Физические_свойства_воды[Температура, оС],"")),Пр5_Физические_свойства_воды[Температура, оС],0),0),"Ошибка")*10^-6} -> 0.0001015 | I60: {=IFERROR(INDEX(Пр5_Физические_свойства_воды[Динамическая вязкость μ, мкПа*с],MATCH(MIN(IF(Пр5_Физические_свойства_воды[Температура, оС]>=Таб4!$D$3,Пр5_Физические_свойства_воды[Температура, оС],"")),Пр5_Физические_свойства_воды[Температура, оС],0),0),"Ошибка")*10^-6} -> 0.0001015 | J60: {=IFERROR(INDEX(Пр5_Физические_свойства_воды[Динамическая вязкость μ, мкПа*с],MATCH(MIN(IF(Пр5_Физические_свойства_воды[Температура, оС]>=Таб4!$D$3,Пр5_Физические_свойства_воды[Температура, оС],"")),Пр5_Физические_свойства_воды[Температура, оС],0),0),"Ошибка")*10^-6} -> 0.0001015 | K60: {=IFERROR(INDEX(Пр5_Физические_свойства_воды[Динамическая вязкость μ, мкПа*с],MATCH(MIN(IF(Пр5_Физические_свойства_воды[Температура, оС]>=Таб4!$D$3,Пр5_Физические_свойства_воды[Температура, оС],"")),Пр5_Физические_свойства_воды[Температура, оС],0),0),"Ошибка")*10^-6} -> 0.0001015 | ... M60: {=IFERROR(INDEX(Пр5_Физические_свойства_воды[Динамическая вязкость μ, мкПа*с],MATCH(MIN(IF(Пр5_Физические_свойства_воды[Температура, оС]>=Таб4!$D$3,Пр5_Физические_свойства_воды[Температура, оС],"")),Пр5_Физические_свойства_воды[Температура, оС],0),0),"Ошибка")*10^-6} -> 0.0001015
A61: Коэффициент динамической вязкости паро-водяной смеси | C61: Па*с | D61: =Таб1!$C$27*D59+(1-Таб1!$C$27)*D60 -> 9.9412e-05 | E61: =Таб1!$C$27*E59+(1-Таб1!$C$27)*E60 -> 9.9412e-05 | F61: =Таб1!$C$27*F59+(1-Таб1!$C$27)*F60 -> 9.9412e-05 | G61: =Таб1!$C$27*G59+(1-Таб1!$C$27)*G60 -> 9.9412e-05 | H61: =Таб1!$C$27*H59+(1-Таб1!$C$27)*H60 -> 9.9412e-05 | I61: =Таб1!$C$27*I59+(1-Таб1!$C$27)*I60 -> 9.9412e-05 | J61: =Таб1!$C$27*J59+(1-Таб1!$C$27)*J60 -> 9.9412e-05 | K61: =Таб1!$C$27*K59+(1-Таб1!$C$27)*K60 -> 9.9412e-05 | ... M61: =Таб1!$C$27*M59+(1-Таб1!$C$27)*M60 -> 9.9412e-05
A62: Удельный объём пара | C62: м3/кг | D62: {=IFERROR(INDEX(Пр3!$E$2:$E$398,MATCH(MIN(IF(Пр3!$A$2:$A$398>=Таб4!$D$3,Пр3!$A$2:$A$398,"")),Пр3!$A$2:$A$398,0),0),"Ошибка")} -> 0.04916 | E62: {=IFERROR(INDEX(Пр3!$E$2:$E$398,MATCH(MIN(IF(Пр3!$A$2:$A$398>=Таб4!$D$3,Пр3!$A$2:$A$398,"")),Пр3!$A$2:$A$398,0),0),"Ошибка")} -> 0.04916 | F62: {=IFERROR(INDEX(Пр3!$E$2:$E$398,MATCH(MIN(IF(Пр3!$A$2:$A$398>=Таб4!$D$3,Пр3!$A$2:$A$398,"")),Пр3!$A$2:$A$398,0),0),"Ошибка")} -> 0.04916 | G62: {=IFERROR(INDEX(Пр3!$E$2:$E$398,MATCH(MIN(IF(Пр3!$A$2:$A$398>=Таб4!$D$3,Пр3!$A$2:$A$398,"")),Пр3!$A$2:$A$398,0),0),"Ошибка")} -> 0.04916 | H62: {=IFERROR(INDEX(Пр3!$E$2:$E$398,MATCH(MIN(IF(Пр3!$A$2:$A$398>=Таб4!$D$3,Пр3!$A$2:$A$398,"")),Пр3!$A$2:$A$398,0),0),"Ошибка")} -> 0.04916 | I62: {=IFERROR(INDEX(Пр3!$E$2:$E$398,MATCH(MIN(IF(Пр3!$A$2:$A$398>=Таб4!$D$3,Пр3!$A$2:$A$398,"")),Пр3!$A$2:$A$398,0),0),"Ошибка")} -> 0.04916 | J62: {=IFERROR(INDEX(Пр3!$E$2:$E$398,MATCH(MIN(IF(Пр3!$A$2:$A$398>=Таб4!$D$3,Пр3!$A$2:$A$398,"")),Пр3!$A$2:$A$398,0),0),"Ошибка")} -> 0.04916 | K62: {=IFERROR(INDEX(Пр3!$E$2:$E$398,MATCH(MIN(IF(Пр3!$A$2:$A$398>=Таб4!$D$3,Пр3!$A$2:$A$398,"")),Пр3!$A$2:$A$398,0),0),"Ошибка")} -> 0.04916 | ... M62: {=IFERROR(INDEX(Пр3!$E$2:$E$398,MATCH(MIN(IF(Пр3!$A$2:$A$398>=Таб4!$D$3,Пр3!$A$2:$A$398,"")),Пр3!$A$2:$A$398,0),0),"Ошибка")} -> 0.04916
A63: Удельный объём воды | C63: м3/кг | D63: {=IFERROR(INDEX(Пр3!$D$2:$D$398,MATCH(MIN(IF(Пр3!$A$2:$A$398>=Таб4!$D$3,Пр3!$A$2:$A$398,"")),Пр3!$A$2:$A$398,0),0),"Ошибка")} -> 0.0012536 | E63: {=IFERROR(INDEX(Пр3!$D$2:$D$398,MATCH(MIN(IF(Пр3!$A$2:$A$398>=Таб4!$D$3,Пр3!$A$2:$A$398,"")),Пр3!$A$2:$A$398,0),0),"Ошибка")} -> 0.0012536 | F63: {=IFERROR(INDEX(Пр3!$D$2:$D$398,MATCH(MIN(IF(Пр3!$A$2:$A$398>=Таб4!$D$3,Пр3!$A$2:$A$398,"")),Пр3!$A$2:$A$398,0),0),"Ошибка")} -> 0.0012536 | G63: {=IFERROR(INDEX(Пр3!$D$2:$D$398,MATCH(MIN(IF(Пр3!$A$2:$A$398>=Таб4!$D$3,Пр3!$A$2:$A$398,"")),Пр3!$A$2:$A$398,0),0),"Ошибка")} -> 0.0012536 | H63: {=IFERROR(INDEX(Пр3!$D$2:$D$398,MATCH(MIN(IF(Пр3!$A$2:$A$398>=Таб4!$D$3,Пр3!$A$2:$A$398,"")),Пр3!$A$2:$A$398,0),0),"Ошибка")} -> 0.0012536 | I63: {=IFERROR(INDEX(Пр3!$D$2:$D$398,MATCH(MIN(IF(Пр3!$A$2:$A$398>=Таб4!$D$3,Пр3!$A$2:$A$398,"")),Пр3!$A$2:$A$398,0),0),"Ошибка")} -> 0.0012536 | J63: {=IFERROR(INDEX(Пр3!$D$2:$D$398,MATCH(MIN(IF(Пр3!$A$2:$A$398>=Таб4!$D$3,Пр3!$A$2:$A$398,"")),Пр3!$A$2:$A$398,0),0),"Ошибка")} -> 0.0012536 | K63: {=IFERROR(INDEX(Пр3!$D$2:$D$398,MATCH(MIN(IF(Пр3!$A$2:$A$398>=Таб4!$D$3,Пр3!$A$2:$A$398,"")),Пр3!$A$2:$A$398,0),0),"Ошибка")} -> 0.0012536 | ... M63: {=IFERROR(INDEX(Пр3!$D$2:$D$398,MATCH(MIN(IF(Пр3!$A$2:$A$398>=Таб4!$D$3,Пр3!$A$2:$A$398,"")),Пр3!$A$2:$A$398,0),0),"Ошибка")} -> 0.0012536
A64: Удельный объём паро-водяной смеси | C64: м3/кг | D64: =Таб1!$C$27*D62+(1-Таб1!$C$27)*D63 -> 0.00245126 | E64: =Таб1!$C$27*E62+(1-Таб1!$C$27)*E63 -> 0.00245126 | F64: =Таб1!$C$27*F62+(1-Таб1!$C$27)*F63 -> 0.00245126 | G64: =Таб1!$C$27*G62+(1-Таб1!$C$27)*G63 -> 0.00245126 | H64: =Таб1!$C$27*H62+(1-Таб1!$C$27)*H63 -> 0.00245126 | I64: =Таб1!$C$27*I62+(1-Таб1!$C$27)*I63 -> 0.00245126 | J64: =Таб1!$C$27*J62+(1-Таб1!$C$27)*J63 -> 0.00245126 | K64: =Таб1!$C$27*K62+(1-Таб1!$C$27)*K63 -> 0.00245126 | ... M64: =Таб1!$C$27*M62+(1-Таб1!$C$27)*M63 -> 0.00245126
A65: Коэффициент кинематической вязкости паро-водяной смеси | C65: м2/с | D65: =D61*D64 -> 2.4368466e-07 | E65: =E61*E64 -> 2.4368466e-07 | F65: =F61*F64 -> 2.4368466e-07 | G65: =G61*G64 -> 2.4368466e-07 | H65: =H61*H64 -> 2.4368466e-07 | I65: =I61*I64 -> 2.4368466e-07 | J65: =J61*J64 -> 2.4368466e-07 | K65: =K61*K64 -> 2.4368466e-07 | ... M65: =M61*M64 -> 2.4368466e-07
A66: Критерий Прандтля пара | D66: {=IFERROR(INDEX(Пр4_Физические_свойства_водяного_пара[Критерий Прандтля Pr],MATCH(MIN(IF(Пр4_Физические_свойства_водяного_пара[Температура, оС]>=Таб4!$D$3,Пр4_Физические_свойства_водяного_пара[Температура, оС],"")),Пр4_Физические_свойства_водяного_пара[Температура, оС],0),0),"Ошибка")} -> 1.41 | E66: {=IFERROR(INDEX(Пр4_Физические_свойства_водяного_пара[Критерий Прандтля Pr],MATCH(MIN(IF(Пр4_Физические_свойства_водяного_пара[Температура, оС]>=Таб4!$D$3,Пр4_Физические_свойства_водяного_пара[Температура, оС],"")),Пр4_Физические_свойства_водяного_пара[Температура, оС],0),0),"Ошибка")} -> 1.41 | F66: {=IFERROR(INDEX(Пр4_Физические_свойства_водяного_пара[Критерий Прандтля Pr],MATCH(MIN(IF(Пр4_Физические_свойства_водяного_пара[Температура, оС]>=Таб4!$D$3,Пр4_Физические_свойства_водяного_пара[Температура, оС],"")),Пр4_Физические_свойства_водяного_пара[Температура, оС],0),0),"Ошибка")} -> 1.41 | G66: {=IFERROR(INDEX(Пр4_Физические_свойства_водяного_пара[Критерий Прандтля Pr],MATCH(MIN(IF(Пр4_Физические_свойства_водяного_пара[Температура, оС]>=Таб4!$D$3,Пр4_Физические_свойства_водяного_пара[Температура, оС],"")),Пр4_Физические_свойства_водяного_пара[Температура, оС],0),0),"Ошибка")} -> 1.41 | H66: {=IFERROR(INDEX(Пр4_Физические_свойства_водяного_пара[Критерий Прандтля Pr],MATCH(MIN(IF(Пр4_Физические_свойства_водяного_пара[Температура, оС]>=Таб4!$D$3,Пр4_Физические_свойства_водяного_пара[Температура, оС],"")),Пр4_Физические_свойства_водяного_пара[Температура, оС],0),0),"Ошибка")} -> 1.41 | I66: {=IFERROR(INDEX(Пр4_Физические_свойства_водяного_пара[Критерий Прандтля Pr],MATCH(MIN(IF(Пр4_Физические_свойства_водяного_пара[Температура, оС]>=Таб4!$D$3,Пр4_Физические_свойства_водяного_пара[Температура, оС],"")),Пр4_Физические_свойства_водяного_пара[Температура, оС],0),0),"Ошибка")} -> 1.41 | J66: {=IFERROR(INDEX(Пр4_Физические_свойства_водяного_пара[Критерий Прандтля Pr],MATCH(MIN(IF(Пр4_Физические_свойства_водяного_пара[Температура, оС]>=Таб4!$D$3,Пр4_Физические_свойства_водяного_пара[Температура, оС],"")),Пр4_Физические_свойства_водяного_пара[Температура, оС],0),0),"Ошибка")} -> 1.41 | K66: {=IFERROR(INDEX(Пр4_Физические_свойства_водяного_пара[Критерий Прандтля Pr],MATCH(MIN(IF(Пр4_Физические_свойства_водяного_пара[Температура, оС]>=Таб4!$D$3,Пр4_Физические_свойства_водяного_пара[Температура, оС],"")),Пр4_Физические_свойства_водяного_пара[Температура, оС],0),0),"Ошибка")} -> 1.41 | ... M66: {=IFERROR(INDEX(Пр4_Физические_свойства_водяного_пара[Критерий Прандтля Pr],MATCH(MIN(IF(Пр4_Физические_свойства_водяного_пара[Температура, оС]>=Таб4!$D$3,Пр4_Физические_свойства_водяного_пара[Температура, оС],"")),Пр4_Физические_свойства_водяного_пара[Температура, оС],0),0),"Ошибка")} -> 1.41
A67: Критерий Прандтля воды | D67: {=IFERROR(INDEX(Пр5_Физические_свойства_воды[критерий Прандтля Pr],MATCH(MIN(IF(Пр5_Физические_свойства_воды[Температура, оС]>=Таб4!$D$3,Пр5_Физические_свойства_воды[Температура, оС],"")),Пр5_Физические_свойства_воды[Температура, оС],0),0),"Ошибка")} -> 0.83 | E67: {=IFERROR(INDEX(Пр5_Физические_свойства_воды[критерий Прандтля Pr],MATCH(MIN(IF(Пр5_Физические_свойства_воды[Температура, оС]>=Таб4!$D$3,Пр5_Физические_свойства_воды[Температура, оС],"")),Пр5_Физические_свойства_воды[Температура, оС],0),0),"Ошибка")} -> 0.83 | F67: {=IFERROR(INDEX(Пр5_Физические_свойства_воды[критерий Прандтля Pr],MATCH(MIN(IF(Пр5_Физические_свойства_воды[Температура, оС]>=Таб4!$D$3,Пр5_Физические_свойства_воды[Температура, оС],"")),Пр5_Физические_свойства_воды[Температура, оС],0),0),"Ошибка")} -> 0.83 | G67: {=IFERROR(INDEX(Пр5_Физические_свойства_воды[критерий Прандтля Pr],MATCH(MIN(IF(Пр5_Физические_свойства_воды[Температура, оС]>=Таб4!$D$3,Пр5_Физические_свойства_воды[Температура, оС],"")),Пр5_Физические_свойства_воды[Температура, оС],0),0),"Ошибка")} -> 0.83 | H67: {=IFERROR(INDEX(Пр5_Физические_свойства_воды[критерий Прандтля Pr],MATCH(MIN(IF(Пр5_Физические_свойства_воды[Температура, оС]>=Таб4!$D$3,Пр5_Физические_свойства_воды[Температура, оС],"")),Пр5_Физические_свойства_воды[Температура, оС],0),0),"Ошибка")} -> 0.83 | I67: {=IFERROR(INDEX(Пр5_Физические_свойства_воды[критерий Прандтля Pr],MATCH(MIN(IF(Пр5_Физические_свойства_воды[Температура, оС]>=Таб4!$D$3,Пр5_Физические_свойства_воды[Температура, оС],"")),Пр5_Физические_свойства_воды[Температура, оС],0),0),"Ошибка")} -> 0.83 | J67: {=IFERROR(INDEX(Пр5_Физические_свойства_воды[критерий Прандтля Pr],MATCH(MIN(IF(Пр5_Физические_свойства_воды[Температура, оС]>=Таб4!$D$3,Пр5_Физические_свойства_воды[Температура, оС],"")),Пр5_Физические_свойства_воды[Температура, оС],0),0),"Ошибка")} -> 0.83 | K67: {=IFERROR(INDEX(Пр5_Физические_свойства_воды[критерий Прандтля Pr],MATCH(MIN(IF(Пр5_Физические_свойства_воды[Температура, оС]>=Таб4!$D$3,Пр5_Физические_свойства_воды[Температура, оС],"")),Пр5_Физические_свойства_воды[Температура, оС],0),0),"Ошибка")} -> 0.83 | ... M67: {=IFERROR(INDEX(Пр5_Физические_свойства_воды[критерий Прандтля Pr],MATCH(MIN(IF(Пр5_Физические_свойства_воды[Температура, оС]>=Таб4!$D$3,Пр5_Физические_свойства_воды[Температура, оС],"")),Пр5_Физические_свойства_воды[Температура, оС],0),0),"Ошибка")} -> 0.83
A68: Критерий Прандтля паро-водяной смеси | C68: - | D68: =Таб1!$C$27*D66+(1-Таб1!$C$27)*D67 -> 0.8445 | E68: =Таб1!$C$27*E66+(1-Таб1!$C$27)*E67 -> 0.8445 | F68: =Таб1!$C$27*F66+(1-Таб1!$C$27)*F67 -> 0.8445 | G68: =Таб1!$C$27*G66+(1-Таб1!$C$27)*G67 -> 0.8445 | H68: =Таб1!$C$27*H66+(1-Таб1!$C$27)*H67 -> 0.8445 | I68: =Таб1!$C$27*I66+(1-Таб1!$C$27)*I67 -> 0.8445 | J68: =Таб1!$C$27*J66+(1-Таб1!$C$27)*J67 -> 0.8445 | K68: =Таб1!$C$27*K66+(1-Таб1!$C$27)*K67 -> 0.8445 | ... M68: =Таб1!$C$27*M66+(1-Таб1!$C$27)*M67 -> 0.8445
A69: Внутренний диаметр труб Ø32х5 | C69: м | D69: =(32-2*5)/1000 -> 0.022 | E69: =(32-2*5)/1000 -> 0.022 | F69: =(32-2*5)/1000 -> 0.022 | G69: =(32-2*5)/1000 -> 0.022 | H69: =(32-2*5)/1000 -> 0.022 | I69: =(32-2*5)/1000 -> 0.022 | J69: =(32-2*5)/1000 -> 0.022 | K69: =(32-2*5)/1000 -> 0.022 | ... M69: =(32-2*5)/1000 -> 0.022
A70: Число Рейнольдса | C70: - | D70: =Таб1!$C$25*D69/D65 -> 135420.92 | E70: =Таб1!$C$25*E69/E65 -> 135420.92 | F70: =Таб1!$C$25*F69/F65 -> 135420.92 | G70: =Таб1!$C$25*G69/G65 -> 135420.92 | H70: =Таб1!$C$25*H69/H65 -> 135420.92 | I70: =Таб1!$C$25*I69/I65 -> 135420.92 | J70: =Таб1!$C$25*J69/J65 -> 135420.92 | K70: =Таб1!$C$25*K69/K65 -> 135420.92 | ... M70: =Таб1!$C$25*M69/M65 -> 135420.92
A71: Число Нуссельта | C71: - | D71: =0.021*D70^0.8*D68^0.43 -> 248.88902 | E71: =0.021*E70^0.8*E68^0.43 -> 248.88902 | F71: =0.021*F70^0.8*F68^0.43 -> 248.88902 | G71: =0.021*G70^0.8*G68^0.43 -> 248.88902 | H71: =0.021*H70^0.8*H68^0.43 -> 248.88902 | I71: =0.021*I70^0.8*I68^0.43 -> 248.88902 | J71: =0.021*J70^0.8*J68^0.43 -> 248.88902 | K71: =0.021*K70^0.8*K68^0.43 -> 248.88902 | ... M71: =0.021*M70^0.8*M68^0.43 -> 248.88902
A72: Коэффициент теплоотдачи от стенки трубы к паро-водяной смеси | C72: ккал/(м2*ч*°С) | D72: =D71*D58/D69 -> 67393.491 | E72: =E71*E58/E69 -> 67393.491 | F72: =F71*F58/F69 -> 67393.491 | G72: =G71*G58/G69 -> 67393.491 | H72: =H71*H58/H69 -> 67393.491 | I72: =I71*I58/I69 -> 67393.491 | J72: =J71*J58/J69 -> 67393.491 | K72: =K71*K58/K69 -> 67393.491 | ... M72: =M71*M58/M69 -> 67393.491
A73: Коэффициент теплопередачи от газов к паро-водяной смеси | C73: ккал/(м2*ч*°С) | D73: =1/(1/D55+Таб2!C15/D74+Таб2!C17/1000/D75+1/D72) -> 45.763651 | E73: =1/(1/E55+Таб2!D15/E74+Таб2!D17/1000/E75+1/E72) -> 41.166425 | F73: =1/(1/F55+Таб2!E15/F74+Таб2!E17/1000/F75+1/F72) -> 36.7196 | G73: =1/(1/G55+Таб2!F15/G74+Таб2!F17/1000/G75+1/G72) -> 29.800176 | H73: =1/(1/H55+Таб2!G15/H74+Таб2!G17/1000/H75+1/H72) -> 26.570937 | I73: =1/(1/I55+Таб2!H15/I74+Таб2!H17/1000/I75+1/I72) -> 24.14765 | J73: =1/(1/J55+Таб2!I15/J74+Таб2!I17/1000/J75+1/J72) -> #DIV/0! | K73: =1/(1/K55+Таб2!J15/K74+Таб2!J17/1000/K75+1/K72) -> #DIV/0! | ... M73: =1/(1/M55+Таб2!L15/M74+Таб2!L17/1000/M75+1/M72) -> #DIV/0! | N73: Кузнецов НВ (7-11) стр. 36 Воинов АП (2.12) стр. 22
A74: Теплопроводность стенки металла | C74: ккал/(м*ч*°С) | D74: =(-0.025*Таб4!$D$3+51.787)*3600/4187 -> 39.131407 | E74: =(-0.025*Таб4!$D$3+51.787)*3600/4187 -> 39.131407 | F74: =(-0.025*Таб4!$D$3+51.787)*3600/4187 -> 39.131407 | G74: =(-0.025*Таб4!$D$3+51.787)*3600/4187 -> 39.131407 | H74: =(-0.025*Таб4!$D$3+51.787)*3600/4187 -> 39.131407 | I74: =(-0.025*Таб4!$D$3+51.787)*3600/4187 -> 39.131407 | J74: =(-0.025*Таб4!$D$3+51.787)*3600/4187 -> 39.131407 | K74: =(-0.025*Таб4!$D$3+51.787)*3600/4187 -> 39.131407 | ... M74: =(-0.025*Таб4!$D$3+51.787)*3600/4187 -> 39.131407 | N74: Мастрюков БС Прил. IX стр. 261
A75: Теплопроводность пыли | C75: ккал/(м*ч*°С) | D75: 0.045 | E75: 0.045 | F75: 0.045 | G75: 0.045 | H75: 0.045 | I75: 0.045 | J75: 0.045 | K75: 0.045 | L75: 0.045 | M75: 0.045
A76: Степень экранирования для 'труба-лист' | B76: χ | C76: - | D76: 0.59 | E76: 0.59 | F76: 0.59 | G76: 0.59 | H76: 0.59 | I76: 0.59 | J76: 0.59 | K76: 0.59 | L76: 0.59 | M76: 0.59 | N76: Кузнецов НВ (6-04) стр. 23
A77: Коэффициент использования поверхности ширм | B77: ξ | C77: - | D77: =IF(D2<4,-0.045*D2^2+0.355*D2+0.14,0.85) -> 0.58353865 | E77: =IF(E2<4,-0.045*E2^2+0.355*E2+0.14,0.85) -> 0.34166684 | F77: =IF(F2<4,-0.045*F2^2+0.355*F2+0.14,0.85) -> 0.7227168 | G77: =IF(G2<4,-0.045*G2^2+0.355*G2+0.14,0.85) -> 0.61107357 | H77: =IF(H2<4,-0.045*H2^2+0.355*H2+0.14,0.85) -> 0.34613191 | I77: =IF(I2<4,-0.045*I2^2+0.355*I2+0.14,0.85) -> 0.55645622 | J77: =IF(J2<4,-0.045*J2^2+0.355*J2+0.14,0.85) -> #DIV/0! | K77: =IF(K2<4,-0.045*K2^2+0.355*K2+0.14,0.85) -> #DIV/0! | ... M77: =IF(M2<4,-0.045*M2^2+0.355*M2+0.14,0.85) -> #DIV/0! | N77: Кузнецов НВ рис. 7-9 б) стр. 47 Воинов А.П. стр. 131
A78: Суммарный коэффициент использования поверхностей | B78: ξ | C78: - | D78: =D76*Таб5!C8+D77*Таб5!C9 -> 0.59 | E78: =E76*Таб5!D8+E77*Таб5!D9 -> 0.59 | F78: =F76*Таб5!E8+F77*Таб5!E9 -> 0.59 | G78: =G76*Таб5!F8+G77*Таб5!F9 -> 0.59 | H78: =H76*Таб5!G8+H77*Таб5!G9 -> 0.59 | I78: =I76*Таб5!H8+I77*Таб5!H9 -> 0.59 | J78: =J76*Таб5!I8+J77*Таб5!I9 -> #DIV/0! | K78: =K76*Таб5!J8+K77*Таб5!J9 -> #DIV/0! | ... M78: =M76*Таб5!L8+M77*Таб5!L9 -> #DIV/0!
A79: Удельный тепловой поток от газов к паро-водяной смеси | C79: ккал/(м2*ч) | D79: =D73*D18*D78 -> 25878.508 | E79: =E73*E18*E78 -> 16247.891 | F79: =F73*F18*F78 -> 9427.6851 | G79: =G73*G18*G78 -> 5757.3672 | H79: =H73*H18*H78 -> 4020.4964 | I79: =I73*I18*I78 -> 3042.2765 | J79: =J73*J18*J78 -> #DIV/0! | K79: =K73*K18*K78 -> #DIV/0! | ... M79: =M73*M18*M78 -> #DIV/0!
A80: Тепловосприятие поверхности по уравнению теплопередачи | C80: Гкал/ч | D80: =D79*Таб5!C7*10^-6 -> 1.5353072 | E80: =E79*Таб5!D7*10^-6 -> 7.6138974 | F80: =F79*Таб5!E7*10^-6 -> 0.80517663 | G80: =G79*Таб5!F7*10^-6 -> 2.0864699 | H80: =H79*Таб5!G7*10^-6 -> 0.1789925 | I80: =I79*Таб5!H7*10^-6 -> 1.102521 | J80: =J79*Таб5!I7*10^-6 -> #DIV/0! | K80: =K79*Таб5!J7*10^-6 -> #DIV/0! | ... M80: =M79*Таб5!L7*10^-6 -> #DIV/0!
A81: Тепловосприятие по уравнению теплового баланса | C81: Гкал/ч | D81: =Таб6!C38*D23 -> 1.5236766 | E81: =Таб6!D38*E23 -> 7.6322168 | F81: =Таб6!E38*F23 -> 0.8080233 | G81: =Таб6!F38*G23 -> 2.0778292 | H81: =Таб6!G38*H23 -> 0.17885709 | I81: =Таб6!H38*I23 -> 1.0918207 | J81: =Таб6!I38*J23 -> #DIV/0! | K81: =Таб6!J38*K23 -> #DIV/0! | ... M81: =Таб6!L38*M23 -> #DIV/0!
A82: Невязка баланса | C82: % | D82: =(D81-D80)/D81 -> -0.0076332177 | E82: =(E81-E80)/E81 -> 0.0024002736 | F82: =(F81-F80)/F81 -> 0.003523002 | G82: =(G81-G80)/G81 -> -0.0041585163 | H82: =(H81-H80)/H81 -> -0.00075709093 | I82: =(I81-I80)/I81 -> -0.0098004602 | J82: =(J81-J80)/J81 -> #DIV/0! | K82: =(K81-K80)/K81 -> #DIV/0! | ... M82: =(M81-M80)/M81 -> #DIV/0!
A83: Невязка баланса | C83: % | D83: =IF(D82>=0.01,"МНОГО!",IF(D82<-0.01,"МАЛО!","ПРАВИЛЬНО!")) -> ПРАВИЛЬНО! | E83: =IF(E82>=0.01,"МНОГО!",IF(E82<-0.01,"МАЛО!","ПРАВИЛЬНО!")) -> ПРАВИЛЬНО! | F83: =IF(F82>=0.01,"МНОГО!",IF(F82<-0.01,"МАЛО!","ПРАВИЛЬНО!")) -> ПРАВИЛЬНО! | G83: =IF(G82>=0.01,"МНОГО!",IF(G82<-0.01,"МАЛО!","ПРАВИЛЬНО!")) -> ПРАВИЛЬНО! | H83: =IF(H82>=0.01,"МНОГО!",IF(H82<-0.01,"МАЛО!","ПРАВИЛЬНО!")) -> ПРАВИЛЬНО! | I83: =IF(I82>=0.01,"МНОГО!",IF(I82<-0.01,"МАЛО!","ПРАВИЛЬНО!")) -> ПРАВИЛЬНО! | J83: =IF(J82>=0.01,"МНОГО!",IF(J82<-0.01,"МАЛО!","ПРАВИЛЬНО!")) -> #DIV/0! | K83: =IF(K82>=0.01,"МНОГО!",IF(K82<-0.01,"МАЛО!","ПРАВИЛЬНО!")) -> #DIV/0! | ... M83: =IF(M82>=0.01,"МНОГО!",IF(M82<-0.01,"МАЛО!","ПРАВИЛЬНО!")) -> #DIV/0!
A84: Коэффициент использования тепла (КИТ) | C84: % | D84: =D80/Таб6!$C$23 -> 0.076761964 | E84: =E80/Таб6!$C$23 -> 0.38067803 | F84: =F80/Таб6!$C$23 -> 0.040257051 | G84: =G80/Таб6!$C$23 -> 0.10431888 | H84: =H80/Таб6!$C$23 -> 0.008949229 | I84: =I80/Таб6!$C$23 -> 0.055123612 | J84: =J80/Таб6!$C$23 -> #DIV/0! | K84: =K80/Таб6!$C$23 -> #DIV/0! | ... M84: =M80/Таб6!$C$23 -> #DIV/0!
A85: Расход подпиточной воды | C85: т/ч | D85: =D80*10^3/((Таб4!$E$3-Таб4!$F$3)+(1-Таб1!$C$26)*(Таб4!$C$3-Таб4!$E$3)+Таб1!$C$26*Таб4!$E$3) -> 2.7982724 | E85: =E80*10^3/((Таб4!$E$3-Таб4!$F$3)+(1-Таб1!$C$26)*(Таб4!$C$3-Таб4!$E$3)+Таб1!$C$26*Таб4!$E$3) -> 13.877196 | F85: =F80*10^3/((Таб4!$E$3-Таб4!$F$3)+(1-Таб1!$C$26)*(Таб4!$C$3-Таб4!$E$3)+Таб1!$C$26*Таб4!$E$3) -> 1.4675262 | G85: =G80*10^3/((Таб4!$E$3-Таб4!$F$3)+(1-Таб1!$C$26)*(Таб4!$C$3-Таб4!$E$3)+Таб1!$C$26*Таб4!$E$3) -> 3.8028292 | H85: =H80*10^3/((Таб4!$E$3-Таб4!$F$3)+(1-Таб1!$C$26)*(Таб4!$C$3-Таб4!$E$3)+Таб1!$C$26*Таб4!$E$3) -> 0.32623423 | I85: =I80*10^3/((Таб4!$E$3-Таб4!$F$3)+(1-Таб1!$C$26)*(Таб4!$C$3-Таб4!$E$3)+Таб1!$C$26*Таб4!$E$3) -> 2.0094702 | J85: =J80*10^3/((Таб4!$E$3-Таб4!$F$3)+(1-Таб1!$C$26)*(Таб4!$C$3-Таб4!$E$3)+Таб1!$C$26*Таб4!$E$3) -> #DIV/0! | K85: =K80*10^3/((Таб4!$E$3-Таб4!$F$3)+(1-Таб1!$C$26)*(Таб4!$C$3-Таб4!$E$3)+Таб1!$C$26*Таб4!$E$3) -> #DIV/0! | ... M85: =M80*10^3/((Таб4!$E$3-Таб4!$F$3)+(1-Таб1!$C$26)*(Таб4!$C$3-Таб4!$E$3)+Таб1!$C$26*Таб4!$E$3) -> #DIV/0!
A86: Количество продувки | C86: т/ч | D86: =Таб1!$C$26*D85 -> 0.27982724 | E86: =Таб1!$C$26*E85 -> 1.3877196 | F86: =Таб1!$C$26*F85 -> 0.14675262 | G86: =Таб1!$C$26*G85 -> 0.38028292 | H86: =Таб1!$C$26*H85 -> 0.032623423 | I86: =Таб1!$C$26*I85 -> 0.20094702 | J86: =Таб1!$C$26*J85 -> #DIV/0! | K86: =Таб1!$C$26*K85 -> #DIV/0! | ... M86: =Таб1!$C$26*M85 -> #DIV/0!
A87: Выработка насыщенного пара в зоне | C87: т/ч | D87: =D85-D86 -> 2.5184452 | E87: =E85-E86 -> 12.489476 | F87: =F85-F86 -> 1.3207736 | G87: =G85-G86 -> 3.4225463 | H87: =H85-H86 -> 0.29361081 | I87: =I85-I86 -> 1.8085232 | J87: =J85-J86 -> #DIV/0! | K87: =K85-K86 -> #DIV/0! | ... M87: =M85-M86 -> #DIV/0!
A88: Циркуляционный расход пароводяной смеси | C88: т/ч | D88: =D87/Таб1!$C$27 -> 100.73781 | E88: =E87/Таб1!$C$27 -> 499.57906 | F88: =F87/Таб1!$C$27 -> 52.830943 | G88: =G87/Таб1!$C$27 -> 136.90185 | H88: =H87/Таб1!$C$27 -> 11.744432 | I88: =I87/Таб1!$C$27 -> 72.340928 | J88: =J87/Таб1!$C$27 -> #DIV/0! | K88: =K87/Таб1!$C$27 -> #DIV/0! | ... M88: =M87/Таб1!$C$27 -> #DIV/0!
A89: Истинная теплоёмкость уходящих газов в соответствующем интервале температур | C89: кДж/ (м3*оС) | M89: =Таб6!L8*M90+Таб6!L10*M91+Таб6!L12*M92+Таб6!L14*M93+Таб6!L16*M94+Таб6!L18*M95 -> 1.4693557
A90: SO2 | C90: -//- | M90: {=IFERROR(INDEX(Пр6_Теплоёмкость_различных_газов[SO2, кДж/(м3*оС)],MATCH(MIN(IF(Пр6_Теплоёмкость_различных_газов[Температура, 0С]>=Таб1!F$6,Пр6_Теплоёмкость_различных_газов[Температура, 0С],"")),Пр6_Теплоёмкость_различных_газов[Температура, 0С],0),0),"Ошибка")} -> 1.73
A91: SO3 | C91: -//- | M91: =M90 -> 1.73
A92: H2O | C92: -//- | M92: {=IFERROR(INDEX(Пр6_Теплоёмкость_различных_газов[H2O, кДж/(м3*оС)],MATCH(MIN(IF(Пр6_Теплоёмкость_различных_газов[Температура, 0С]>=Таб1!F$6,Пр6_Теплоёмкость_различных_газов[Температура, 0С],"")),Пр6_Теплоёмкость_различных_газов[Температура, 0С],0),0),"Ошибка")} -> 1.48
A93: O2 | C93: -//- | M93: {=IFERROR(INDEX(Пр6_Теплоёмкость_различных_газов[О2, кДж/(м3*оС)],MATCH(MIN(IF(Пр6_Теплоёмкость_различных_газов[Температура, 0С]>=Таб1!F$6,Пр6_Теплоёмкость_различных_газов[Температура, 0С],"")),Пр6_Теплоёмкость_различных_газов[Температура, 0С],0),0),"Ошибка")} -> 1.3
A94: N2 | C94: -//- | M94: {=IFERROR(INDEX(Пр6_Теплоёмкость_различных_газов[N2, кДж/(м3*оС)],MATCH(MIN(IF(Пр6_Теплоёмкость_различных_газов[Температура, 0С]>=Таб1!F$6,Пр6_Теплоёмкость_различных_газов[Температура, 0С],"")),Пр6_Теплоёмкость_различных_газов[Температура, 0С],0),0),"Ошибка")} -> 1.29
A95: CO2 | C95: -//- | M95: {=IFERROR(INDEX(Пр6_Теплоёмкость_различных_газов[СО2, кДж/(м3*оС)],MATCH(MIN(IF(Пр6_Теплоёмкость_различных_газов[Температура, 0С]>=Таб1!F$6,Пр6_Теплоёмкость_различных_газов[Температура, 0С],"")),Пр6_Теплоёмкость_различных_газов[Температура, 0С],0),0),"Ошибка")} -> 1.61
A96: Расход воды для адиабатического охлаждения газов | C96: м3/ч | M96: =IF(Таб6!L24<=Таб1!F6,0,(Таб6!L37-Таб1!F6*Таб6!L6*M89/4.187/1000000)/((Таб4!J3-Таб4!I3)/1000)) -> #DIV/0!
D109: 30.638824 | E109: 23.342179 | F109: 14.859754 | G109: 11.018696 | H109: 5.1468314 | J109: 1000

Sheet Таб3
A1: Наименование | B1: Единица измерения | C1: SO2 | D1: SO3 | E1: H2O | F1: O2 | G1: N2 | H1: CO2 | I1: СО | J1: S | K1: Всего
A2: Объёмы компонентов газов из печи | B2: нм3/ч | C2: =Таб1!$C$15*$K$2 -> 7962.8 | D2: =Таб1!$C$16*$K$2 -> 0 | E2: =Таб1!$C$17*$K$2 -> 11818.4 | F2: =Таб1!$C$18*$K$2 -> 1700 | G2: =Таб1!$C$19*$K$2 -> 8656.4 | H2: =Таб1!$C$20*$K$2 -> 3862.4 | I2: =Таб1!$C$21*$K$2 -> 0 | J2: =Таб1!$C$22*$K$2 -> 0 | K2: =Таб1!$C$4 -> 34000
A3: Молярная масса компонентов | B3: кг/моль | C3: 64 | D3: 80 | E3: 18 | F3: 32 | G3: 28 | H3: 44 | I3: 28 | J3: 32
A4: Истинная теплоёмкость на входе в КУ | B4: кДж/(м3*оС) | C4: {=IFERROR(INDEX(Пр6_Теплоёмкость_различных_газов[SO2, кДж/(м3*оС)],MATCH(MIN(IF(Пр6_Теплоёмкость_различных_газов[Температура, 0С]>=Таб1!$C$5,Пр6_Теплоёмкость_различных_газов[Температура, 0С],"")),Пр6_Теплоёмкость_различных_газов[Температура, 0С],0),0),"Ошибка")} -> 2.2975 | D4: =C4 -> 2.2975 | E4: {=IFERROR(INDEX(Пр6_Теплоёмкость_различных_газов[H2O, кДж/(м3*оС)],MATCH(MIN(IF(Пр6_Теплоёмкость_различных_газов[Температура, 0С]>=Таб1!$C$5,Пр6_Теплоёмкость_различных_газов[Температура, 0С],"")),Пр6_Теплоёмкость_различных_газов[Температура, 0С],0),0),"Ошибка")} -> 1.77 | F4: {=IFERROR(INDEX(Пр6_Теплоёмкость_различных_газов[О2, кДж/(м3*оС)],MATCH(MIN(IF(Пр6_Теплоёмкость_различных_газов[Температура, 0С]>=Таб1!$C$5,Пр6_Теплоёмкость_различных_газов[Температура, 0С],"")),Пр6_Теплоёмкость_различных_газов[Температура, 0С],0),0),"Ошибка")} -> 1.4725 | G4: {=IFERROR(INDEX(Пр6_Теплоёмкость_различных_газов[N2, кДж/(м3*оС)],MATCH(MIN(IF(Пр6_Теплоёмкость_различных_газов[Температура, 0С]>=Таб1!$C$5,Пр6_Теплоёмкость_различных_газов[Температура, 0С],"")),Пр6_Теплоёмкость_различных_газов[Температура, 0С],0),0),"Ошибка")} -> 1.415 | H4: {=IFERROR(INDEX(Пр6_Теплоёмкость_различных_газов[СО2, кДж/(м3*оС)],MATCH(MIN(IF(Пр6_Теплоёмкость_различных_газов[Температура, 0С]>=Таб1!$C$5,Пр6_Теплоёмкость_различных_газов[Температура, 0С],"")),Пр6_Теплоёмкость_различных_газов[Температура, 0С],0),0),"Ошибка")} -> 2.285 | I4: {=IFERROR(INDEX(Пр6_Теплоёмкость_различных_газов[СО, кДж/(м3*оС)],MATCH(MIN(IF(Пр6_Теплоёмкость_различных_газов[Температура, 0С]>=Таб1!$C$5,Пр6_Теплоёмкость_различных_газов[Температура, 0С],"")),Пр6_Теплоёмкость_различных_газов[Температура, 0С],0),0),"Ошибка")} -> 1.4225 | J4: 0 | K4: =Таб1!$C$15*C4+Таб1!$C$16*D4+Таб1!$C$17*E4+Таб1!$C$18*F4+Таб1!$C$19*G4+Таб1!$C$20*H4+Таб1!$C$21*I4+Таб1!$C$22*Таб3_Свойства_газов[[#This Row],[S]] -> 1.8467865
A5: Объём газов с учетом подсосов воздуха в печь | B5: нм3/ч | C5: =C2+J2 -> 7962.8 | D5: =D2 -> 0 | E5: =E2 -> 11818.4 | F5: =F2+0.21*Таб1!C12*Таб1!C4-(0.5*I2+J2) -> 2057 | G5: =G2+0.79*Таб1!C12*Таб1!C4 -> 9999.4 | H5: =H2+I2 -> 3862.4 | I5: 0 | J5: 0 | K5: =SUM(C5,D5,E5,F5,G5,H5) -> 35700
A6: Доли компонентов с учетом подсосов воздуха в печь | B6: % | C6: =C5/$K$5 -> 0.22304762 | D6: =D5/$K$5 -> 0 | E6: =E5/$K$5 -> 0.33104762 | F6: =F5/$K$5 -> 0.057619048 | G6: =G5/$K$5 -> 0.28009524 | H6: =H5/$K$5 -> 0.10819048 | I6: =I5/$K$2 -> 0 | J6: =J5/$K$2 -> 0 | K6: =SUM(C6:J6) -> 1

Sheet Таб4
A1: Наименование | B1: Скрытая теплота парообразования | C1: Энтальпия насыщенного пара | D1: Температура пара на линии насыщения | E1: Энтальпия воды на линии насыщения | F1: Энтальпия питательной воды | G1: Энтальпия пара при Тгаз
A2: Единица измерения | B2: ккал/кг | C2: ккал/кг | D2: оC | E2: ккал/кг | F2: ккал/кг | G2: ккал/кг
A3: Значение | B3: {=IFERROR(INDEX(Пр3!$H$2:$H$398,MATCH(MIN(IF(Пр3!$B$2:$B$398>=Таб1!$C$23,Пр3!$B$2:$B$398,"")),Пр3!$B$2:$B$398,0),0),"Ошибка")/4.187} -> 408.04872 | C3: {=IFERROR(INDEX(Пр3!$G$2:$G$398,MATCH(MIN(IF(Пр3!$B$2:$B$398>=Таб1!$C$23,Пр3!$B$2:$B$398,"")),Пр3!$B$2:$B$398,0),0),"Ошибка")/4.187} -> 668.5455 | D3: {=IFERROR(INDEX(Пр3!$A$2:$A$398,MATCH(MIN(IF(Пр3!$B$2:$B$398>=Таб1!$C$23,Пр3!$B$2:$B$398,"")),Пр3!$B$2:$B$398,0),0),"Ошибка")} -> 251 | E3: {=IFERROR(INDEX(Пр3!$F$2:$F$398,MATCH(MIN(IF(Пр3!$B$2:$B$398>=Таб1!$C$23,Пр3!$B$2:$B$398,"")),Пр3!$B$2:$B$398,0),0),"Ошибка")/4.187} -> 260.49678 | F3: {=IFERROR(INDEX(Пр3!$F$2:$F$398,MATCH(MIN(IF(Пр3!$A$2:$A$398>=Таб1!$C$24,Пр3!$A$2:$A$398,"")),Пр3!$A$2:$A$398,0),0),"Ошибка")/4.187} -> 105.12778 | G3: {=IFERROR(INDEX(Пр3!$G$2:$G$398,MATCH(MIN(IF(Пр3!$A$2:$A$398>=Таб1!C6,Пр3!$A$2:$A$398,"")),Пр3!$A$2:$A$398,0),0),"Ошибка")/4.187} -> 597.32505

Sheet Таб5
A1: Наименование | B1: Единица измерения | C1: Зона 1 | D1: Зона 2 | E1: Зона 3 | F1: Зона 4 | G1: Зона 5 | H1: Зона 6 | I1: Зона 7 | J1: Зона 8 | K1: Зона 9 | L1: Зона 10 | M1: Зона XX
A2: Степень черноты стенки нагрева по зонам (листа ст.20К) | B2: - | C2: 0.8 | D2: 0.8 | E2: 0.8 | F2: 0.8 | G2: 0.8 | H2: 0.8 | I2: 0.8 | J2: 0.8 | K2: 0.8 | L2: 0.8 | M2: Кузнецов НВ п. 7-32 стр. 43
A3: Площадь боковых стен поверхности нагрева | B3: м2 | C3: =IF(Таб2!C3="Вертикальное",2*Таб2!C4*(Таб2!C5+Таб2!C6),2*Таб2!C4*Таб2!C6) -> 26.1075 | D3: =IF(Таб2!D3="Вертикальное",2*Таб2!D4*(Таб2!D5+Таб2!D6),2*Таб2!D4*Таб2!D6) -> 429.8 | E3: =IF(Таб2!E3="Вертикальное",2*Таб2!E4*(Таб2!E5+Таб2!E6),2*Таб2!E4*Таб2!E6) -> 50.1699 | F3: =IF(Таб2!F3="Вертикальное",2*Таб2!F4*(Таб2!F5+Таб2!F6),2*Таб2!F4*Таб2!F6) -> 186.3 | G3: =IF(Таб2!G3="Вертикальное",2*Таб2!G4*(Таб2!G5+Таб2!G6),2*Таб2!G4*Таб2!G6)+2*(SQRT((Таб2!G5/2)^2+Таб2!G7^2))*Таб2!G4 -> 20.653809 | H3: =IF(Таб2!H3="Вертикальное",2*Таб2!H4*(Таб2!H5+Таб2!H6),2*Таб2!H4*Таб2!H6) -> 186.3 | I3: =IF(Таб2!I3="Вертикальное",2*Таб2!I4*(Таб2!I5+Таб2!I6),2*Таб2!I4*Таб2!I6) -> 0 | J3: =IF(Таб2!J3="Вертикальное",2*Таб2!J4*(Таб2!J5+Таб2!J6),2*Таб2!J4*Таб2!J6) -> 0 | K3: =IF(Таб2!K3="Вертикальное",2*Таб2!K4*(Таб2!K5+Таб2!K6),2*Таб2!K4*Таб2!K6) -> 0 | L3: =IF(Таб2!L3="Вертикальное",2*Таб2!L4*(Таб2!L5+Таб2!L6),2*Таб2!L4*Таб2!L6) -> 0
A4: Площадь горизонтальных стен поверхности нагрева | B4: м2 | C4: =IF(Таб2!C3="Горизонтальный",2*Таб2!C4*Таб2!C5,"0,0") -> 0,0 | D4: =IF(Таб2!D3="Горизонтальный",2*Таб2!D4*Таб2!D5,"0,0") -> 0,0 | E4: =IF(Таб2!E3="Горизонтальный",2*Таб2!E4*Таб2!E5,"0,0") -> 0,0 | F4: =IF(Таб2!F3="Горизонтальный",2*Таб2!F4*Таб2!F5,"0,0") -> 0,0 | G4: =IF(Таб2!G3="Горизонтальный",2*Таб2!G4*Таб2!G5,"0,0") -> 0,0 | H4: =IF(Таб2!H3="Горизонтальный",2*Таб2!H4*Таб2!H5,"0,0") -> 0,0 | I4: =IF(Таб2!I3="Горизонтальный",2*Таб2!I4*Таб2!I5,"0,0") -> 0,0 | J4: =IF(Таб2!J3="Горизонтальный",2*Таб2!J4*Таб2!J5,"0,0") -> 0,0 | ... L4: =IF(Таб2!L3="Горизонтальный",2*Таб2!L4*Таб2!L5,"0,0") -> 0,0
A5: Площадь стеновой поверхности нагрева | B5: м2 | C5: =Таб2!C8 -> 59.3275 | D5: =Таб2!D8 -> 468.60835 | E5: =Таб2!E8 -> 85.40555 | F5: =Таб2!F8 -> 362.4 | G5: =Таб2!G8 -> 44.52 | H5: =Таб2!H8 -> 362.4 | I5: =I3+I4 -> 0 | J5: =J3+J4 -> 0 | K5: =K3+K4 -> 0 | L5: =L3+L4 -> 0
A6: Площадь ширмовой поверхности нагрева | B6: м2 | C6: =Таб2!C9 -> 0 | D6: =Таб2!D9 -> 0 | E6: =Таб2!E9 -> 0 | F6: =Таб2!F9 -> 0 | G6: =Таб2!G9 -> 0 | H6: =Таб2!H9 -> 0 | I6: =Таб2!I9 -> 0 | J6: =Таб2!J9 -> 0 | ... L6: =Таб2!L9 -> 0
A7: Площадь поверхности нагрева по зонам и всего | B7: м2 | C7: =C5+C6 -> 59.3275 | D7: =D5+D6 -> 468.60835 | E7: =E5+E6 -> 85.40555 | F7: =F5+F6 -> 362.4 | G7: =G5+G6 -> 44.52 | H7: =H5+H6 -> 362.4 | I7: =I5+I6 -> 0 | J7: =J5+J6 -> 0 | ... L7: =L5+L6 -> 0
A8: Доля стеновой поверхности | B8: % | C8: =C5/C7 -> 1 | D8: =D5/D7 -> 1 | E8: =E5/E7 -> 1 | F8: =F5/F7 -> 1 | G8: =G5/G7 -> 1 | H8: =H5/H7 -> 1 | I8: =I5/I7 -> #DIV/0! | J8: =J5/J7 -> #DIV/0! | ... L8: =L5/L7 -> #DIV/0!
A9: Доля ширмовой поверхности | B9: % | C9: =C6/C7 -> 0 | D9: =D6/D7 -> 0 | E9: =E6/E7 -> 0 | F9: =F6/F7 -> 0 | G9: =G6/G7 -> 0 | H9: =H6/H7 -> 0 | I9: =I6/I7 -> #DIV/0! | J9: =J6/J7 -> #DIV/0! | ... L9: =L6/L7 -> #DIV/0!
A10: Площадь проходного сечения по зонам | B10: м2 | C10: =Таб2!C5*Таб2!C6-Таб2!C$13*Таб2!C6*Таб2!C12 -> 34.691646 | D10: =Таб2!D5*Таб2!D6-Таб2!D$13*Таб2!D6*Таб2!D12 -> 73.5 | E10: =2*Таб2!E5*Таб2!E6-Таб2!E$13*Таб2!E6*Таб2!E12 -> 17.325 | F10: =2*Таб2!F5*Таб2!F6-Таб2!F$13*Таб2!F6*Таб2!F12 -> 21.25 | G10: =2*Таб2!G5*Таб2!G6-Таб2!G$13*Таб2!G6*Таб2!G12 -> 31.45 | H10: =2*Таб2!H5*Таб2!H6-Таб2!H$13*Таб2!H6*Таб2!H12 -> 21.25 | I10: =Таб2!I5*Таб2!I6-Таб2!I$13*Таб2!I6*Таб2!I12 -> 0 | J10: =Таб2!J5*Таб2!J6-Таб2!J$13*Таб2!J6*Таб2!J12 -> 0 | K10: =Таб2!K5*Таб2!K6-Таб2!K$13*Таб2!K6*Таб2!K12 -> 0 | L10: =Таб2!L5*Таб2!L6-Таб2!L$13*Таб2!L6*Таб2!L12 -> 0

Sheet Таб6
A1: Наименование | B1: Единица измерения | C1: Зона 1 | D1: Зона 2 | E1: Зона 3 | F1: Зона 4 | G1: Зона 5 | H1: Зона 6 | I1: Зона 7 | J1: Зона 8 | K1: Зона 9 | L1: Зона 10 | M1: Зона XX
A2: Количество газов на входе в зону | B2: м3/ч | C2: =Таб3!K5 -> 35700 | D2: =C6 -> 35870 | E2: =D6 -> 36040 | F2: =E6 -> 37230 | G2: =F6 -> 38250 | H2: =G6 -> 38250 | I2: =H6 -> 38590 | J2: =I6 -> 38862 | K2: =J6 -> 38998 | L2: =K6 -> 39066
A3: Доля присосов в зоне | B3: % | C3: 0.05 | D3: 0.05 | E3: 0.35 | F3: 0.3 | G3: 0 | H3: 0.1 | I3: 0.08 | J3: 0.04 | K3: 0.02 | L3: 0.01
B4: м3/ч | C4: =C3*Таб1!$C$13*Таб1!$C$4 -> 170 | D4: =D3*Таб1!$C$13*Таб1!$C$4 -> 170 | E4: =E3*Таб1!$C$13*Таб1!$C$4 -> 1190 | F4: =F3*Таб1!$C$13*Таб1!$C$4 -> 1020 | G4: =G3*Таб1!$C$13*Таб1!$C$4 -> 0 | H4: =H3*Таб1!$C$13*Таб1!$C$4 -> 340 | I4: =I3*Таб1!$C$13*Таб1!$C$4 -> 272 | J4: =J3*Таб1!$C$13*Таб1!$C$4 -> 136 | ... L4: =L3*Таб1!$C$13*Таб1!$C$4 -> 34
A5: Теплоёмкость воздуха | B5: кДж/ (м3*оС) | C5: {=IFERROR(INDEX(Пр6!$D$14:$D$123,MATCH(MIN(IF(Пр6!$A$14:$A$123>=Таб1!$C$14,Пр6!$A$14:$A$123,"")),Пр6!$A$14:$A$123,0),0),"Ошибка")} -> 1.33 | D5: {=IFERROR(INDEX(Пр6!$D$14:$D$123,MATCH(MIN(IF(Пр6!$A$14:$A$123>=Таб1!$C$14,Пр6!$A$14:$A$123,"")),Пр6!$A$14:$A$123,0),0),"Ошибка")} -> 1.33 | E5: {=IFERROR(INDEX(Пр6!$D$14:$D$123,MATCH(MIN(IF(Пр6!$A$14:$A$123>=Таб1!$C$14,Пр6!$A$14:$A$123,"")),Пр6!$A$14:$A$123,0),0),"Ошибка")} -> 1.33 | F5: {=IFERROR(INDEX(Пр6!$D$14:$D$123,MATCH(MIN(IF(Пр6!$A$14:$A$123>=Таб1!$C$14,Пр6!$A$14:$A$123,"")),Пр6!$A$14:$A$123,0),0),"Ошибка")} -> 1.33 | G5: {=IFERROR(INDEX(Пр6!$D$14:$D$123,MATCH(MIN(IF(Пр6!$A$14:$A$123>=Таб1!$C$14,Пр6!$A$14:$A$123,"")),Пр6!$A$14:$A$123,0),0),"Ошибка")} -> 1.33 | H5: {=IFERROR(INDEX(Пр6!$D$14:$D$123,MATCH(MIN(IF(Пр6!$A$14:$A$123>=Таб1!$C$14,Пр6!$A$14:$A$123,"")),Пр6!$A$14:$A$123,0),0),"Ошибка")} -> 1.33 | I5: {=IFERROR(INDEX(Пр6!$D$14:$D$123,MATCH(MIN(IF(Пр6!$A$14:$A$123>=Таб1!$C$14,Пр6!$A$14:$A$123,"")),Пр6!$A$14:$A$123,0),0),"Ошибка")} -> 1.33 | J5: {=IFERROR(INDEX(Пр6!$D$14:$D$123,MATCH(MIN(IF(Пр6!$A$14:$A$123>=Таб1!$C$14,Пр6!$A$14:$A$123,"")),Пр6!$A$14:$A$123,0),0),"Ошибка")} -> 1.33 | ... L5: {=IFERROR(INDEX(Пр6!$D$14:$D$123,MATCH(MIN(IF(Пр6!$A$14:$A$123>=Таб1!$C$14,Пр6!$A$14:$A$123,"")),Пр6!$A$14:$A$123,0),0),"Ошибка")} -> 1.33
A6: Количество газов на выходе | B6: м3/ч | C6: =SUM(C9,C11,C13,C15,C17,C19) -> 35870 | D6: =SUM(D9,D11,D13,D15,D17,D19) -> 36040 | E6: =SUM(E9,E11,E13,E15,E17,E19) -> 37230 | F6: =SUM(F9,F11,F13,F15,F17,F19) -> 38250 | G6: =SUM(G9,G11,G13,G15,G17,G19) -> 38250 | H6: =SUM(H9,H11,H13,H15,H17,H19) -> 38590 | I6: =SUM(I9,I11,I13,I15,I17,I19) -> 38862 | J6: =SUM(J9,J11,J13,J15,J17,J19) -> 38998 | ... L6: =SUM(L9,L11,L13,L15,L17,L19) -> 39100
A7: Среднее количество газов | B7: м3/ч | C7: =AVERAGE(C2,C6) -> 35785 | D7: =AVERAGE(D2,D6) -> 35955 | E7: =AVERAGE(E2,E6) -> 36635 | F7: =AVERAGE(F2,F6) -> 37740 | G7: =AVERAGE(G2,G6) -> 38250 | H7: =AVERAGE(H2,H6) -> 38420 | I7: =AVERAGE(I2,I6) -> 38726 | J7: =AVERAGE(J2,J6) -> 38930 | ... L7: =AVERAGE(L2,L6) -> 39083
A8: SO2 | B8: % | C8: =C9/C$6 -> 0.22199052 | D8: =D9/D$6 -> 0.2209434 | E8: =E9/E$6 -> 0.21388128 | F8: =F9/F$6 -> 0.20817778 | G8: =G9/G$6 -> 0.20817778 | H8: =H9/H$6 -> 0.20634361 | I8: =I9/I$6 -> 0.20489939 | J8: =J9/J$6 -> 0.20418483 | ... L8: =L9/L$6 -> 0.20365217
B9: м3/ч | C9: =Таб3!C5 -> 7962.8 | D9: =Таб6_Расчет_выхода_ВЭР[[#This Row],[Зона 1]] -> 7962.8 | E9: =Таб6_Расчет_выхода_ВЭР[[#This Row],[Зона 2]] -> 7962.8 | F9: =Таб6_Расчет_выхода_ВЭР[[#This Row],[Зона 3]] -> 7962.8 | G9: =Таб6_Расчет_выхода_ВЭР[[#This Row],[Зона 4]] -> 7962.8 | H9: =Таб6_Расчет_выхода_ВЭР[[#This Row],[Зона 5]] -> 7962.8 | I9: =Таб6_Расчет_выхода_ВЭР[[#This Row],[Зона 6]] -> 7962.8 | J9: =Таб6_Расчет_выхода_ВЭР[[#This Row],[Зона 7]] -> 7962.8 | K9: =Таб6_Расчет_выхода_ВЭР[[#This Row],[Зона 8]] -> 7962.8 | L9: =Таб6_Расчет_выхода_ВЭР[[#This Row],[Зона 9]] -> 7962.8
A10: SO3 | B10: % | C10: =C11/C$6 -> 0 | D10: =D11/D$6 -> 0 | E10: =E11/E$6 -> 0 | F10: =F11/F$6 -> 0 | G10: =G11/G$6 -> 0 | H10: =H11/H$6 -> 0 | I10: =I11/I$6 -> 0 | J10: =J11/J$6 -> 0 | ... L10: =L11/L$6 -> 0
B11: м3/ч | C11: =Таб3!D5 -> 0 | D11: =Таб6_Расчет_выхода_ВЭР[[#This Row],[Зона 1]] -> 0 | E11: =Таб6_Расчет_выхода_ВЭР[[#This Row],[Зона 2]] -> 0 | F11: =Таб6_Расчет_выхода_ВЭР[[#This Row],[Зона 3]] -> 0 | G11: =Таб6_Расчет_выхода_ВЭР[[#This Row],[Зона 4]] -> 0 | H11: =Таб6_Расчет_выхода_ВЭР[[#This Row],[Зона 5]] -> 0 | I11: =Таб6_Расчет_выхода_ВЭР[[#This Row],[Зона 6]] -> 0 | J11: =Таб6_Расчет_выхода_ВЭР[[#This Row],[Зона 7]] -> 0 | K11: =Таб6_Расчет_выхода_ВЭР[[#This Row],[Зона 8]] -> 0 | L11: =Таб6_Расчет_выхода_ВЭР[[#This Row],[Зона 9]] -> 0
A12: H2O | B12: % | C12: =C13/C$6 -> 0.32947867 | D12: =D13/D$6 -> 0.32792453 | E12: =E13/E$6 -> 0.31744292 | F12: =F13/F$6 -> 0.30897778 | G12: =G13/G$6 -> 0.30897778 | H12: =H13/H$6 -> 0.30625551 | I12: =I13/I$6 -> 0.30411199 | J12: =J13/J$6 -> 0.30305144 | ... L12: =L13/L$6 -> 0.30226087
B13: м3/ч | C13: =Таб3!E5 -> 11818.4 | D13: =Таб6_Расчет_выхода_ВЭР[[#This Row],[Зона 1]] -> 11818.4 | E13: =Таб6_Расчет_выхода_ВЭР[[#This Row],[Зона 2]] -> 11818.4 | F13: =Таб6_Расчет_выхода_ВЭР[[#This Row],[Зона 3]] -> 11818.4 | G13: =Таб6_Расчет_выхода_ВЭР[[#This Row],[Зона 4]] -> 11818.4 | H13: =Таб6_Расчет_выхода_ВЭР[[#This Row],[Зона 5]] -> 11818.4 | I13: =Таб6_Расчет_выхода_ВЭР[[#This Row],[Зона 6]] -> 11818.4 | J13: =Таб6_Расчет_выхода_ВЭР[[#This Row],[Зона 7]] -> 11818.4 | K13: =Таб6_Расчет_выхода_ВЭР[[#This Row],[Зона 8]] -> 11818.4 | L13: =Таб6_Расчет_выхода_ВЭР[[#This Row],[Зона 9]] -> 11818.4
A14: O2 | B14: % | C14: =C15/C$6 -> 0.058341232 | D14: =D15/D$6 -> 0.059056604 | E14: =E15/E$6 -> 0.063881279 | F14: =F15/F$6 -> 0.067777778 | G14: =G15/G$6 -> 0.067777778 | H14: =H15/H$6 -> 0.069030837 | I14: =I15/I$6 -> 0.070017498 | J14: =J15/J$6 -> 0.070505667 | ... L14: =L15/L$6 -> 0.070869565
B15: м3/ч | C15: =Таб3!F5+0.21*C4 -> 2092.7 | D15: =Таб6_Расчет_выхода_ВЭР[[#This Row],[Зона 1]]+0.21*D4 -> 2128.4 | E15: =Таб6_Расчет_выхода_ВЭР[[#This Row],[Зона 2]]+0.21*E4 -> 2378.3 | F15: =Таб6_Расчет_выхода_ВЭР[[#This Row],[Зона 3]]+0.21*F4 -> 2592.5 | G15: =Таб6_Расчет_выхода_ВЭР[[#This Row],[Зона 4]]+0.21*G4 -> 2592.5 | H15: =Таб6_Расчет_выхода_ВЭР[[#This Row],[Зона 5]]+0.21*H4 -> 2663.9 | I15: =Таб6_Расчет_выхода_ВЭР[[#This Row],[Зона 6]]+0.21*I4 -> 2721.02 | J15: =Таб6_Расчет_выхода_ВЭР[[#This Row],[Зона 7]]+0.21*J4 -> 2749.58 | K15: =Таб6_Расчет_выхода_ВЭР[[#This Row],[Зона 8]]+0.21*K4 -> 2763.86 | L15: =Таб6_Расчет_выхода_ВЭР[[#This Row],[Зона 9]]+0.21*L4 -> 2771
A16: N2 | B16: % | C16: =C17/C$6 -> 0.28251185 | D16: =D17/D$6 -> 0.28490566 | E16: =E17/E$6 -> 0.30105023 | F16: =F17/F$6 -> 0.31408889 | G16: =G17/G$6 -> 0.31408889 | H16: =H17/H$6 -> 0.31828194 | I16: =I17/I$6 -> 0.32158355 | J16: =J17/J$6 -> 0.32321709 | ... L16: =L17/L$6 -> 0.32443478
B17: м3/ч | C17: =Таб3!G5+0.79*C4 -> 10133.7 | D17: =Таб6_Расчет_выхода_ВЭР[[#This Row],[Зона 1]]+0.79*D4 -> 10268 | E17: =Таб6_Расчет_выхода_ВЭР[[#This Row],[Зона 2]]+0.79*E4 -> 11208.1 | F17: =Таб6_Расчет_выхода_ВЭР[[#This Row],[Зона 3]]+0.79*F4 -> 12013.9 | G17: =Таб6_Расчет_выхода_ВЭР[[#This Row],[Зона 4]]+0.79*G4 -> 12013.9 | H17: =Таб6_Расчет_выхода_ВЭР[[#This Row],[Зона 5]]+0.79*H4 -> 12282.5 | I17: =Таб6_Расчет_выхода_ВЭР[[#This Row],[Зона 6]]+0.79*I4 -> 12497.38 | J17: =Таб6_Расчет_выхода_ВЭР[[#This Row],[Зона 7]]+0.79*J4 -> 12604.82 | K17: =Таб6_Расчет_выхода_ВЭР[[#This Row],[Зона 8]]+0.79*K4 -> 12658.54 | L17: =Таб6_Расчет_выхода_ВЭР[[#This Row],[Зона 9]]+0.79*L4 -> 12685.4
A18: CO2 | B18: % | C18: =C19/C$6 -> 0.10767773 | D18: =D19/D$6 -> 0.10716981 | E18: =E19/E$6 -> 0.10374429 | F18: =F19/F$6 -> 0.10097778 | G18: =G19/G$6 -> 0.10097778 | H18: =H19/H$6 -> 0.10008811 | I18: =I19/I$6 -> 0.099387577 | J18: =J19/J$6 -> 0.099040976 | ... L18: =L19/L$6 -> 0.098782609
B19: м3/ч | C19: =Таб3!H5 -> 3862.4 | D19: =Таб6_Расчет_выхода_ВЭР[[#This Row],[Зона 1]] -> 3862.4 | E19: =Таб6_Расчет_выхода_ВЭР[[#This Row],[Зона 2]] -> 3862.4 | F19: =Таб6_Расчет_выхода_ВЭР[[#This Row],[Зона 3]] -> 3862.4 | G19: =Таб6_Расчет_выхода_ВЭР[[#This Row],[Зона 4]] -> 3862.4 | H19: =Таб6_Расчет_выхода_ВЭР[[#This Row],[Зона 5]] -> 3862.4 | I19: =Таб6_Расчет_выхода_ВЭР[[#This Row],[Зона 6]] -> 3862.4 | J19: =Таб6_Расчет_выхода_ВЭР[[#This Row],[Зона 7]] -> 3862.4 | K19: =Таб6_Расчет_выхода_ВЭР[[#This Row],[Зона 8]] -> 3862.4 | L19: =Таб6_Расчет_выхода_ВЭР[[#This Row],[Зона 9]] -> 3862.4
A20: Плотность газов | B20: кг/нм3 | C20: =(C8*Таб3!$C$3+C10*Таб3!$D$3+C12*Таб3!$E$3+C14*Таб3!$F$3+C16*Таб3!$G$3+C18*Таб3!$H$3)/22.4 -> 1.5470125 | D20: =(D8*Таб3!$C$3+D10*Таб3!$D$3+D12*Таб3!$E$3+D14*Таб3!$F$3+D16*Таб3!$G$3+D18*Таб3!$H$3)/22.4 -> 1.5457884 | E20: =(E8*Таб3!$C$3+E10*Таб3!$D$3+E12*Таб3!$E$3+E14*Таб3!$F$3+E16*Таб3!$G$3+E18*Таб3!$H$3)/22.4 -> 1.5375326 | F20: =(F8*Таб3!$C$3+F10*Таб3!$D$3+F12*Таб3!$E$3+F14*Таб3!$F$3+F16*Таб3!$G$3+F18*Таб3!$H$3)/22.4 -> 1.5308651 | G20: =(G8*Таб3!$C$3+G10*Таб3!$D$3+G12*Таб3!$E$3+G14*Таб3!$F$3+G16*Таб3!$G$3+G18*Таб3!$H$3)/22.4 -> 1.5308651 | H20: =(H8*Таб3!$C$3+H10*Таб3!$D$3+H12*Таб3!$E$3+H14*Таб3!$F$3+H16*Таб3!$G$3+H18*Таб3!$H$3)/22.4 -> 1.5287209 | I20: =(I8*Таб3!$C$3+I10*Таб3!$D$3+I12*Таб3!$E$3+I14*Таб3!$F$3+I16*Таб3!$G$3+I18*Таб3!$H$3)/22.4 -> 1.5270326 | J20: =(J8*Таб3!$C$3+J10*Таб3!$D$3+J12*Таб3!$E$3+J14*Таб3!$F$3+J16*Таб3!$G$3+J18*Таб3!$H$3)/22.4 -> 1.5261972 | ... L20: =(L8*Таб3!$C$3+L10*Таб3!$D$3+L12*Таб3!$E$3+L14*Таб3!$F$3+L16*Таб3!$G$3+L18*Таб3!$H$3)/22.4 -> 1.5255745
A21: Удельный объём | B21: нм3/кг | C21: =C20^-1 -> 0.64640718 | D21: =D20^-1 -> 0.64691907 | E21: =E20^-1 -> 0.65039271 | F21: =F20^-1 -> 0.65322543 | G21: =G20^-1 -> 0.65322543 | H21: =H20^-1 -> 0.65414164 | I21: =I20^-1 -> 0.65486488 | J21: =J20^-1 -> 0.65522331 | ... L21: =L20^-1 -> 0.65549075
A22: Энтальпия газов на входе в зону | B22: ккал/нм3 | C22: =(Таб3!K4*Таб1!C5+Таб1!C5*Таб1!C11*10^-3*C33)/4.187 -> 560.24887 | D22: =C36 -> 514.78769 | E22: =D36 -> 296.57245 | F22: =E36 -> 265.22187 | G22: =F36 -> 202.9683 | H22: =G36 -> 198.18144 | I22: =H36 -> 167.19801 | J22: =I36 -> 166.93719 | K22: =J36 -> 166.80033 | L22: =K36 -> 166.72448
A23: Количество тепла газов на входе в зону | B23: Гкал/ч | C23: =Таб3!K5*C22/1000000 -> 20.000885 | D23: =C37 -> 18.465435 | E23: =D37 -> 10.688471 | F23: =E37 -> 9.8742101 | G23: =F37 -> 7.7635376 | H23: =G37 -> 7.58044 | I23: =H37 -> 6.4521713 | J23: =I37 -> 6.4875132 | K23: =J37 -> 6.5048794 | L23: =K37 -> 6.5132584
A24: Температура технологических газов на выходе по зонам | B24: оС | C24: =Таб1!C5-Таб2!C19 -> 1170 | D24: =Таб6_Расчет_выхода_ВЭР[[#This Row],[Зона 1]]-Таб2!D19 -> 720 | E24: =Таб6_Расчет_выхода_ВЭР[[#This Row],[Зона 2]]-Таб2!E19 -> 654 | F24: =Таб6_Расчет_выхода_ВЭР[[#This Row],[Зона 3]]-Таб2!F19 -> 513 | G24: =Таб6_Расчет_выхода_ВЭР[[#This Row],[Зона 4]]-Таб2!G19 -> 502 | H24: =Таб6_Расчет_выхода_ВЭР[[#This Row],[Зона 5]]-Таб2!H19 -> 431 | I24: =Таб6_Расчет_выхода_ВЭР[[#This Row],[Зона 6]]-Таб2!I19 -> 431 | J24: =Таб6_Расчет_выхода_ВЭР[[#This Row],[Зона 7]]-Таб2!J19 -> 431 | K24: =Таб6_Расчет_выхода_ВЭР[[#This Row],[Зона 8]]-Таб2!K19 -> 431 | L24: =Таб6_Расчет_выхода_ВЭР[[#This Row],[Зона 9]]-Таб2!L19 -> 431
A25: Истинная теплоёмкость уходящих газов в соответствующем интервале температур | B25: кДж/ (кг*оС) | C25: =C26/C20 -> 1.1725206 | D25: =D26/D20 -> 1.1034589 | E25: =E26/E20 -> 1.0941849 | F25: =F26/F20 -> 1.0738103 | G25: =G26/G20 -> 1.0723093 | H25: =H26/H20 -> 1.0559497 | I25: =I26/I20 -> 1.0558388 | J25: =J26/J20 -> 1.0557839 | ... L25: =L26/L20 -> 1.0557429
B26: кДж/ (м3*оС) | C26: =C8*C27+C10*C28+C12*C29+C14*C30+C16*C31+C18*C32 -> 1.813904 | D26: =D8*D27+D10*D28+D12*D29+D14*D30+D16*D31+D18*D32 -> 1.705714 | E26: =E8*E27+E10*E28+E12*E29+E14*E30+E16*E31+E18*E32 -> 1.6823449 | F26: =F8*F27+F10*F28+F12*F29+F14*F30+F16*F31+F18*F32 -> 1.6438588 | G26: =G8*G27+G10*G28+G12*G29+G14*G30+G16*G31+G18*G32 -> 1.6415609 | H26: =H8*H27+H10*H28+H12*H29+H14*H30+H16*H31+H18*H32 -> 1.6142524 | I26: =I8*I27+I10*I28+I12*I29+I14*I30+I16*I31+I18*I32 -> 1.6123003 | J26: =J8*J27+J10*J28+J12*J29+J14*J30+J16*J31+J18*J32 -> 1.6113344 | ... L26: =L8*L27+L10*L28+L12*L29+L14*L30+L16*L31+L18*L32 -> 1.6106144
A27: SO2 | B27: -//- | C27: {=IFERROR(INDEX(Пр6_Теплоёмкость_различных_газов[SO2, кДж/(м3*оС)],MATCH(MIN(IF(Пр6_Теплоёмкость_различных_газов[Температура, 0С]>=C$24,Пр6_Теплоёмкость_различных_газов[Температура, 0С],"")),Пр6_Теплоёмкость_различных_газов[Температура, 0С],0),0),"Ошибка")} -> 2.2935 | D27: {=IFERROR(INDEX(Пр6_Теплоёмкость_различных_газов[SO2, кДж/(м3*оС)],MATCH(MIN(IF(Пр6_Теплоёмкость_различных_газов[Температура, 0С]>=D$24,Пр6_Теплоёмкость_различных_газов[Температура, 0С],"")),Пр6_Теплоёмкость_различных_газов[Температура, 0С],0),0),"Ошибка")} -> 2.146 | E27: {=IFERROR(INDEX(Пр6_Теплоёмкость_различных_газов[SO2, кДж/(м3*оС)],MATCH(MIN(IF(Пр6_Теплоёмкость_различных_газов[Температура, 0С]>=E$24,Пр6_Теплоёмкость_различных_газов[Температура, 0С],"")),Пр6_Теплоёмкость_различных_газов[Температура, 0С],0),0),"Ошибка")} -> 2.132 | F27: {=IFERROR(INDEX(Пр6_Теплоёмкость_различных_газов[SO2, кДж/(м3*оС)],MATCH(MIN(IF(Пр6_Теплоёмкость_различных_газов[Температура, 0С]>=F$24,Пр6_Теплоёмкость_различных_газов[Температура, 0С],"")),Пр6_Теплоёмкость_различных_газов[Температура, 0С],0),0),"Ошибка")} -> 2.104 | G27: {=IFERROR(INDEX(Пр6_Теплоёмкость_различных_газов[SO2, кДж/(м3*оС)],MATCH(MIN(IF(Пр6_Теплоёмкость_различных_газов[Температура, 0С]>=G$24,Пр6_Теплоёмкость_различных_газов[Температура, 0С],"")),Пр6_Теплоёмкость_различных_газов[Температура, 0С],0),0),"Ошибка")} -> 2.102 | H27: {=IFERROR(INDEX(Пр6_Теплоёмкость_различных_газов[SO2, кДж/(м3*оС)],MATCH(MIN(IF(Пр6_Теплоёмкость_различных_газов[Температура, 0С]>=H$24,Пр6_Теплоёмкость_различных_газов[Температура, 0С],"")),Пр6_Теплоёмкость_различных_газов[Температура, 0С],0),0),"Ошибка")} -> 2.04 | I27: {=IFERROR(INDEX(Пр6_Теплоёмкость_различных_газов[SO2, кДж/(м3*оС)],MATCH(MIN(IF(Пр6_Теплоёмкость_различных_газов[Температура, 0С]>=I$24,Пр6_Теплоёмкость_различных_газов[Температура, 0С],"")),Пр6_Теплоёмкость_различных_газов[Температура, 0С],0),0),"Ошибка")} -> 2.04 | J27: {=IFERROR(INDEX(Пр6_Теплоёмкость_различных_газов[SO2, кДж/(м3*оС)],MATCH(MIN(IF(Пр6_Теплоёмкость_различных_газов[Температура, 0С]>=J$24,Пр6_Теплоёмкость_различных_газов[Температура, 0С],"")),Пр6_Теплоёмкость_различных_газов[Температура, 0С],0),0),"Ошибка")} -> 2.04 | ... L27: {=IFERROR(INDEX(Пр6_Теплоёмкость_различных_газов[SO2, кДж/(м3*оС)],MATCH(MIN(IF(Пр6_Теплоёмкость_различных_газов[Температура, 0С]>=L$24,Пр6_Теплоёмкость_различных_газов[Температура, 0С],"")),Пр6_Теплоёмкость_различных_газов[Температура, 0С],0),0),"Ошибка")} -> 2.04
A28: SO3 | B28: -//- | C28: =C27 -> 2.2935 | D28: =D27 -> 2.146 | E28: =E27 -> 2.132 | F28: =F27 -> 2.104 | G28: =G27 -> 2.102 | H28: =H27 -> 2.04 | I28: =I27 -> 2.04 | J28: =J27 -> 2.04 | ... L28: =L27 -> 2.04
A29: H2O | B29: -//- | C29: {=IFERROR(INDEX(Пр6_Теплоёмкость_различных_газов[H2O, кДж/(м3*оС)],MATCH(MIN(IF(Пр6_Теплоёмкость_различных_газов[Температура, 0С]>=C$24,Пр6_Теплоёмкость_различных_газов[Температура, 0С],"")),Пр6_Теплоёмкость_различных_газов[Температура, 0С],0),0),"Ошибка")} -> 1.754 | D29: {=IFERROR(INDEX(Пр6_Теплоёмкость_различных_газов[H2O, кДж/(м3*оС)],MATCH(MIN(IF(Пр6_Теплоёмкость_различных_газов[Температура, 0С]>=D$24,Пр6_Теплоёмкость_различных_газов[Температура, 0С],"")),Пр6_Теплоёмкость_различных_газов[Температура, 0С],0),0),"Ошибка")} -> 1.636 | E29: {=IFERROR(INDEX(Пр6_Теплоёмкость_различных_газов[H2O, кДж/(м3*оС)],MATCH(MIN(IF(Пр6_Теплоёмкость_различных_газов[Температура, 0С]>=E$24,Пр6_Теплоёмкость_различных_газов[Температура, 0С],"")),Пр6_Теплоёмкость_различных_газов[Температура, 0С],0),0),"Ошибка")} -> 1.622 | F29: {=IFERROR(INDEX(Пр6_Теплоёмкость_различных_газов[H2O, кДж/(м3*оС)],MATCH(MIN(IF(Пр6_Теплоёмкость_различных_газов[Температура, 0С]>=F$24,Пр6_Теплоёмкость_различных_газов[Температура, 0С],"")),Пр6_Теплоёмкость_различных_газов[Температура, 0С],0),0),"Ошибка")} -> 1.586 | G29: {=IFERROR(INDEX(Пр6_Теплоёмкость_различных_газов[H2O, кДж/(м3*оС)],MATCH(MIN(IF(Пр6_Теплоёмкость_различных_газов[Температура, 0С]>=G$24,Пр6_Теплоёмкость_различных_газов[Температура, 0С],"")),Пр6_Теплоёмкость_различных_газов[Температура, 0С],0),0),"Ошибка")} -> 1.583 | H29: {=IFERROR(INDEX(Пр6_Теплоёмкость_различных_газов[H2O, кДж/(м3*оС)],MATCH(MIN(IF(Пр6_Теплоёмкость_различных_газов[Температура, 0С]>=H$24,Пр6_Теплоёмкость_различных_газов[Температура, 0С],"")),Пр6_Теплоёмкость_различных_газов[Температура, 0С],0),0),"Ошибка")} -> 1.568 | I29: {=IFERROR(INDEX(Пр6_Теплоёмкость_различных_газов[H2O, кДж/(м3*оС)],MATCH(MIN(IF(Пр6_Теплоёмкость_различных_газов[Температура, 0С]>=I$24,Пр6_Теплоёмкость_различных_газов[Температура, 0С],"")),Пр6_Теплоёмкость_различных_газов[Температура, 0С],0),0),"Ошибка")} -> 1.568 | J29: {=IFERROR(INDEX(Пр6_Теплоёмкость_различных_газов[H2O, кДж/(м3*оС)],MATCH(MIN(IF(Пр6_Теплоёмкость_различных_газов[Температура, 0С]>=J$24,Пр6_Теплоёмкость_различных_газов[Температура, 0С],"")),Пр6_Теплоёмкость_различных_газов[Температура, 0С],0),0),"Ошибка")} -> 1.568 | ... L29: {=IFERROR(INDEX(Пр6_Теплоёмкость_различных_газов[H2O, кДж/(м3*оС)],MATCH(MIN(IF(Пр6_Теплоёмкость_различных_газов[Температура, 0С]>=L$24,Пр6_Теплоёмкость_различных_газов[Температура, 0С],"")),Пр6_Теплоёмкость_различных_газов[Температура, 0С],0),0),"Ошибка")} -> 1.568
A30: O2 | B30: -//- | C30: {=IFERROR(INDEX(Пр6_Теплоёмкость_различных_газов[О2, кДж/(м3*оС)],MATCH(MIN(IF(Пр6_Теплоёмкость_различных_газов[Температура, 0С]>=C$24,Пр6_Теплоёмкость_различных_газов[Температура, 0С],"")),Пр6_Теплоёмкость_различных_газов[Температура, 0С],0),0),"Ошибка")} -> 1.467 | D30: {=IFERROR(INDEX(Пр6_Теплоёмкость_различных_газов[О2, кДж/(м3*оС)],MATCH(MIN(IF(Пр6_Теплоёмкость_различных_газов[Температура, 0С]>=D$24,Пр6_Теплоёмкость_различных_газов[Температура, 0С],"")),Пр6_Теплоёмкость_различных_газов[Температура, 0С],0),0),"Ошибка")} -> 1.422 | E30: {=IFERROR(INDEX(Пр6_Теплоёмкость_различных_газов[О2, кДж/(м3*оС)],MATCH(MIN(IF(Пр6_Теплоёмкость_различных_газов[Температура, 0С]>=E$24,Пр6_Теплоёмкость_различных_газов[Температура, 0С],"")),Пр6_Теплоёмкость_различных_газов[Температура, 0С],0),0),"Ошибка")} -> 1.416 | F30: {=IFERROR(INDEX(Пр6_Теплоёмкость_различных_газов[О2, кДж/(м3*оС)],MATCH(MIN(IF(Пр6_Теплоёмкость_различных_газов[Температура, 0С]>=F$24,Пр6_Теплоёмкость_различных_газов[Температура, 0С],"")),Пр6_Теплоёмкость_различных_газов[Температура, 0С],0),0),"Ошибка")} -> 1.394 | G30: {=IFERROR(INDEX(Пр6_Теплоёмкость_различных_газов[О2, кДж/(м3*оС)],MATCH(MIN(IF(Пр6_Теплоёмкость_различных_газов[Температура, 0С]>=G$24,Пр6_Теплоёмкость_различных_газов[Температура, 0С],"")),Пр6_Теплоёмкость_различных_газов[Температура, 0С],0),0),"Ошибка")} -> 1.392 | H30: {=IFERROR(INDEX(Пр6_Теплоёмкость_различных_газов[О2, кДж/(м3*оС)],MATCH(MIN(IF(Пр6_Теплоёмкость_различных_газов[Температура, 0С]>=H$24,Пр6_Теплоёмкость_различных_газов[Температура, 0С],"")),Пр6_Теплоёмкость_различных_газов[Температура, 0С],0),0),"Ошибка")} -> 1.378 | I30: {=IFERROR(INDEX(Пр6_Теплоёмкость_различных_газов[О2, кДж/(м3*оС)],MATCH(MIN(IF(Пр6_Теплоёмкость_различных_газов[Температура, 0С]>=I$24,Пр6_Теплоёмкость_различных_газов[Температура, 0С],"")),Пр6_Теплоёмкость_различных_газов[Температура, 0С],0),0),"Ошибка")} -> 1.378 | J30: {=IFERROR(INDEX(Пр6_Теплоёмкость_различных_газов[О2, кДж/(м3*оС)],MATCH(MIN(IF(Пр6_Теплоёмкость_различных_газов[Температура, 0С]>=J$24,Пр6_Теплоёмкость_различных_газов[Температура, 0С],"")),Пр6_Теплоёмкость_различных_газов[Температура, 0С],0),0),"Ошибка")} -> 1.378 | ... L30: {=IFERROR(INDEX(Пр6_Теплоёмкость_различных_газов[О2, кДж/(м3*оС)],MATCH(MIN(IF(Пр6_Теплоёмкость_различных_газов[Температура, 0С]>=L$24,Пр6_Теплоёмкость_различных_газов[Температура, 0С],"")),Пр6_Теплоёмкость_различных_газов[Температура, 0С],0),0),"Ошибка")} -> 1.378
A31: N2 | B31: -//- | C31: {=IFERROR(INDEX(Пр6_Теплоёмкость_различных_газов[N2, кДж/(м3*оС)],MATCH(MIN(IF(Пр6_Теплоёмкость_различных_газов[Температура, 0С]>=C$24,Пр6_Теплоёмкость_различных_газов[Температура, 0С],"")),Пр6_Теплоёмкость_различных_газов[Температура, 0С],0),0),"Ошибка")} -> 1.407 | D31: {=IFERROR(INDEX(Пр6_Теплоёмкость_различных_газов[N2, кДж/(м3*оС)],MATCH(MIN(IF(Пр6_Теплоёмкость_различных_газов[Температура, 0С]>=D$24,Пр6_Теплоёмкость_различных_газов[Температура, 0С],"")),Пр6_Теплоёмкость_различных_газов[Температура, 0С],0),0),"Ошибка")} -> 1.352 | E31: {=IFERROR(INDEX(Пр6_Теплоёмкость_различных_газов[N2, кДж/(м3*оС)],MATCH(MIN(IF(Пр6_Теплоёмкость_различных_газов[Температура, 0С]>=E$24,Пр6_Теплоёмкость_различных_газов[Температура, 0С],"")),Пр6_Теплоёмкость_различных_газов[Температура, 0С],0),0),"Ошибка")} -> 1.346 | F31: {=IFERROR(INDEX(Пр6_Теплоёмкость_различных_газов[N2, кДж/(м3*оС)],MATCH(MIN(IF(Пр6_Теплоёмкость_различных_газов[Температура, 0С]>=F$24,Пр6_Теплоёмкость_различных_газов[Температура, 0С],"")),Пр6_Теплоёмкость_различных_газов[Температура, 0С],0),0),"Ошибка")} -> 1.332 | G31: {=IFERROR(INDEX(Пр6_Теплоёмкость_различных_газов[N2, кДж/(м3*оС)],MATCH(MIN(IF(Пр6_Теплоёмкость_различных_газов[Температура, 0С]>=G$24,Пр6_Теплоёмкость_различных_газов[Температура, 0С],"")),Пр6_Теплоёмкость_различных_газов[Температура, 0С],0),0),"Ошибка")} -> 1.331 | H31: {=IFERROR(INDEX(Пр6_Теплоёмкость_различных_газов[N2, кДж/(м3*оС)],MATCH(MIN(IF(Пр6_Теплоёмкость_различных_газов[Температура, 0С]>=H$24,Пр6_Теплоёмкость_различных_газов[Температура, 0С],"")),Пр6_Теплоёмкость_различных_газов[Температура, 0С],0),0),"Ошибка")} -> 1.324 | I31: {=IFERROR(INDEX(Пр6_Теплоёмкость_различных_газов[N2, кДж/(м3*оС)],MATCH(MIN(IF(Пр6_Теплоёмкость_различных_газов[Температура, 0С]>=I$24,Пр6_Теплоёмкость_различных_газов[Температура, 0С],"")),Пр6_Теплоёмкость_различных_газов[Температура, 0С],0),0),"Ошибка")} -> 1.324 | J31: {=IFERROR(INDEX(Пр6_Теплоёмкость_различных_газов[N2, кДж/(м3*оС)],MATCH(MIN(IF(Пр6_Теплоёмкость_различных_газов[Температура, 0С]>=J$24,Пр6_Теплоёмкость_различных_газов[Температура, 0С],"")),Пр6_Теплоёмкость_различных_газов[Температура, 0С],0),0),"Ошибка")} -> 1.324 | ... L31: {=IFERROR(INDEX(Пр6_Теплоёмкость_различных_газов[N2, кДж/(м3*оС)],MATCH(MIN(IF(Пр6_Теплоёмкость_различных_газов[Температура, 0С]>=L$24,Пр6_Теплоёмкость_различных_газов[Температура, 0С],"")),Пр6_Теплоёмкость_различных_газов[Температура, 0С],0),0),"Ошибка")} -> 1.324
A32: CO2 | B32: -//- | C32: {=IFERROR(INDEX(Пр6_Теплоёмкость_различных_газов[СО2, кДж/(м3*оС)],MATCH(MIN(IF(Пр6_Теплоёмкость_различных_газов[Температура, 0С]>=C$24,Пр6_Теплоёмкость_различных_газов[Температура, 0С],"")),Пр6_Теплоёмкость_различных_газов[Температура, 0С],0),0),"Ошибка")} -> 2.264 | D32: {=IFERROR(INDEX(Пр6_Теплоёмкость_различных_газов[СО2, кДж/(м3*оС)],MATCH(MIN(IF(Пр6_Теплоёмкость_различных_газов[Температура, 0С]>=D$24,Пр6_Теплоёмкость_различных_газов[Температура, 0С],"")),Пр6_Теплоёмкость_различных_газов[Температура, 0С],0),0),"Ошибка")} -> 2.108 | E32: {=IFERROR(INDEX(Пр6_Теплоёмкость_различных_газов[СО2, кДж/(м3*оС)],MATCH(MIN(IF(Пр6_Теплоёмкость_различных_газов[Температура, 0С]>=E$24,Пр6_Теплоёмкость_различных_газов[Температура, 0С],"")),Пр6_Теплоёмкость_различных_газов[Температура, 0С],0),0),"Ошибка")} -> 2.08 | F32: {=IFERROR(INDEX(Пр6_Теплоёмкость_различных_газов[СО2, кДж/(м3*оС)],MATCH(MIN(IF(Пр6_Теплоёмкость_различных_газов[Температура, 0С]>=F$24,Пр6_Теплоёмкость_различных_газов[Температура, 0С],"")),Пр6_Теплоёмкость_различных_газов[Температура, 0С],0),0),"Ошибка")} -> 2.01 | G32: {=IFERROR(INDEX(Пр6_Теплоёмкость_различных_газов[СО2, кДж/(м3*оС)],MATCH(MIN(IF(Пр6_Теплоёмкость_различных_газов[Температура, 0С]>=G$24,Пр6_Теплоёмкость_различных_газов[Температура, 0С],"")),Пр6_Теплоёмкость_различных_газов[Температура, 0С],0),0),"Ошибка")} -> 2.005 | H32: {=IFERROR(INDEX(Пр6_Теплоёмкость_различных_газов[СО2, кДж/(м3*оС)],MATCH(MIN(IF(Пр6_Теплоёмкость_различных_газов[Температура, 0С]>=H$24,Пр6_Теплоёмкость_различных_газов[Температура, 0С],"")),Пр6_Теплоёмкость_различных_газов[Температура, 0С],0),0),"Ошибка")} -> 1.964 | I32: {=IFERROR(INDEX(Пр6_Теплоёмкость_различных_газов[СО2, кДж/(м3*оС)],MATCH(MIN(IF(Пр6_Теплоёмкость_различных_газов[Температура, 0С]>=I$24,Пр6_Теплоёмкость_различных_газов[Температура, 0С],"")),Пр6_Теплоёмкость_различных_газов[Температура, 0С],0),0),"Ошибка")} -> 1.964 | J32: {=IFERROR(INDEX(Пр6_Теплоёмкость_различных_газов[СО2, кДж/(м3*оС)],MATCH(MIN(IF(Пр6_Теплоёмкость_различных_газов[Температура, 0С]>=J$24,Пр6_Теплоёмкость_различных_газов[Температура, 0С],"")),Пр6_Теплоёмкость_различных_газов[Температура, 0С],0),0),"Ошибка")} -> 1.964 | ... L32: {=IFERROR(INDEX(Пр6_Теплоёмкость_различных_газов[СО2, кДж/(м3*оС)],MATCH(MIN(IF(Пр6_Теплоёмкость_различных_газов[Температура, 0С]>=L$24,Пр6_Теплоёмкость_различных_газов[Температура, 0С],"")),Пр6_Теплоёмкость_различных_газов[Температура, 0С],0),0),"Ошибка")} -> 1.964
A33: Удельная теплоёмкость шихтового уноса | B33: кДж/ (кг*оС) | C33: =IF(Таб1!$C$2=Пр7!$A$13,1.294*LN(C$35)-8.3163,IF(Таб1!$C$2=Пр7!$A$3,0.2518*LN(C$35)-0.7446,IF(Таб1!$C$2=Пр7!$A$7,0.3157*LN(C$35)-1.2871,0.0611237+5.33597*10^-4*C$35-24.18*10^-8*C$35))) -> 0.85208946 | D33: =IF(Таб1!$C$2=Пр7!$A$13,1.294*LN(D$35)-8.3163,IF(Таб1!$C$2=Пр7!$A$3,0.2518*LN(D$35)-0.7446,IF(Таб1!$C$2=Пр7!$A$7,0.3157*LN(D$35)-1.2871,0.0611237+5.33597*10^-4*D$35-24.18*10^-8*D$35))) -> 0.72141744 | E33: =IF(Таб1!$C$2=Пр7!$A$13,1.294*LN(E$35)-8.3163,IF(Таб1!$C$2=Пр7!$A$3,0.2518*LN(E$35)-0.7446,IF(Таб1!$C$2=Пр7!$A$7,0.3157*LN(E$35)-1.2871,0.0611237+5.33597*10^-4*E$35-24.18*10^-8*E$35))) -> 0.6384807 | F33: =IF(Таб1!$C$2=Пр7!$A$13,1.294*LN(F$35)-8.3163,IF(Таб1!$C$2=Пр7!$A$3,0.2518*LN(F$35)-0.7446,IF(Таб1!$C$2=Пр7!$A$7,0.3157*LN(F$35)-1.2871,0.0611237+5.33597*10^-4*F$35-24.18*10^-8*F$35))) -> 0.5594108 | G33: =IF(Таб1!$C$2=Пр7!$A$13,1.294*LN(G$35)-8.3163,IF(Таб1!$C$2=Пр7!$A$3,0.2518*LN(G$35)-0.7446,IF(Таб1!$C$2=Пр7!$A$7,0.3157*LN(G$35)-1.2871,0.0611237+5.33597*10^-4*G$35-24.18*10^-8*G$35))) -> 0.51694239 | H33: =IF(Таб1!$C$2=Пр7!$A$13,1.294*LN(H$35)-8.3163,IF(Таб1!$C$2=Пр7!$A$3,0.2518*LN(H$35)-0.7446,IF(Таб1!$C$2=Пр7!$A$7,0.3157*LN(H$35)-1.2871,0.0611237+5.33597*10^-4*H$35-24.18*10^-8*H$35))) -> 0.47677407 | I33: =IF(Таб1!$C$2=Пр7!$A$13,1.294*LN(I$35)-8.3163,IF(Таб1!$C$2=Пр7!$A$3,0.2518*LN(I$35)-0.7446,IF(Таб1!$C$2=Пр7!$A$7,0.3157*LN(I$35)-1.2871,0.0611237+5.33597*10^-4*I$35-24.18*10^-8*I$35))) -> 0.45668992 | J33: =IF(Таб1!$C$2=Пр7!$A$13,1.294*LN(J$35)-8.3163,IF(Таб1!$C$2=Пр7!$A$3,0.2518*LN(J$35)-0.7446,IF(Таб1!$C$2=Пр7!$A$7,0.3157*LN(J$35)-1.2871,0.0611237+5.33597*10^-4*J$35-24.18*10^-8*J$35))) -> 0.44664784 | ... L33: =IF(Таб1!$C$2=Пр7!$A$13,1.294*LN(L$35)-8.3163,IF(Таб1!$C$2=Пр7!$A$3,0.2518*LN(L$35)-0.7446,IF(Таб1!$C$2=Пр7!$A$7,0.3157*LN(L$35)-1.2871,0.0611237+5.33597*10^-4*L$35-24.18*10^-8*L$35))) -> 0.43911628 | M33: Воинов А.П. 1983 стр. 77 Воинов А.П. 1989 стр. 124
A34: Средняя температура газов по зонам | B34: оС | C34: =AVERAGE(Таб1!C5,C24) -> 1210 | D34: =AVERAGE(Таб6_Расчет_выхода_ВЭР[[#This Row],[Зона 1]],D24) -> 965 | E34: =AVERAGE(Таб6_Расчет_выхода_ВЭР[[#This Row],[Зона 2]],E24) -> 809.5 | F34: =AVERAGE(Таб6_Расчет_выхода_ВЭР[[#This Row],[Зона 3]],F24) -> 661.25 | G34: =AVERAGE(Таб6_Расчет_выхода_ВЭР[[#This Row],[Зона 4]],G24) -> 581.625 | H34: =AVERAGE(Таб6_Расчет_выхода_ВЭР[[#This Row],[Зона 5]],H24) -> 506.3125 | I34: =AVERAGE(Таб6_Расчет_выхода_ВЭР[[#This Row],[Зона 6]],I24) -> 468.65625 | J34: =AVERAGE(Таб6_Расчет_выхода_ВЭР[[#This Row],[Зона 7]],J24) -> 449.82812 | K34: =AVERAGE(Таб6_Расчет_выхода_ВЭР[[#This Row],[Зона 8]],K24) -> 440.41406 | L34: =AVERAGE(Таб6_Расчет_выхода_ВЭР[[#This Row],[Зона 9]],L24) -> 435.70703
B35: K | C35: =C34+273 -> 1483 | D35: =D34+273 -> 1238 | E35: =E34+273 -> 1082.5 | F35: =F34+273 -> 934.25 | G35: =G34+273 -> 854.625 | H35: =H34+273 -> 779.3125 | I35: =I34+273 -> 741.65625 | J35: =J34+273 -> 722.82812 | ... L35: =L34+273 -> 708.70703
A36: Энтальпия газов на выходе из зоны с учетом подсоса воздуха | B36: ккал/нм3 | C36: =(C24*(C26+C33*Таб8!D14*10^-3))/4.187 -> 514.78769 | D36: =(D24*(D26+D33*Таб8!E14*10^-3))/4.187 -> 296.57245 | E36: =(E24*(E26+E33*Таб8!F14*10^-3))/4.187 -> 265.22187 | F36: =(F24*(F26+F33*Таб8!G14*10^-3))/4.187 -> 202.9683 | G36: =(G24*(G26+G33*Таб8!H14*10^-3))/4.187 -> 198.18144 | H36: =(H24*(H26+H33*Таб8!I14*10^-3))/4.187 -> 167.19801 | I36: =(I24*(I26+I33*Таб8!J14*10^-3))/4.187 -> 166.93719 | J36: =(J24*(J26+J33*Таб8!K14*10^-3))/4.187 -> 166.80033 | ... L36: =(L24*(L26+L33*Таб8!M14*10^-3))/4.187 -> 166.67884
A37: Количество тепла газов на выходе из зоны с учетом подсоса воздуха | B37: Гкал/ч | C37: =C6*C36/1000000 -> 18.465435 | D37: =D6*D36/1000000 -> 10.688471 | E37: =E6*E36/1000000 -> 9.8742101 | F37: =F6*F36/1000000 -> 7.7635376 | G37: =G6*G36/1000000 -> 7.58044 | H37: =H6*H36/1000000 -> 6.4521713 | I37: =I6*I36/1000000 -> 6.4875132 | J37: =J6*J36/1000000 -> 6.5048794 | ... L37: =L6*L36/1000000 -> 6.5171426
A38: Количество тепла, передаваемого от ух. газов к поверхностям | B38: Гкал/ч | C38: =C23-C37+C4*Таб6!$C$5*Таб1!C14/4.19/1000000 -> 1.5363515 | D38: =D23-D37+D4*Таб6!$C$5*Таб1!C14/4.19/1000000 -> 7.7778646 | E38: =E23-E37+E4*Таб6!$C$5*Таб1!C14/4.19/1000000 -> 0.82056904 | F38: =F23-F37+F4*Таб6!$C$5*Таб1!C14/4.19/1000000 -> 2.1160795 | G38: =G23-G37+G4*Таб6!$C$5*Таб1!C14/4.19/1000000 -> 0.18309764 | H38: =H23-H37+H4*Таб6!$C$5*Таб1!C14/4.19/1000000 -> 1.130071 | I38: =I23-I37+I4*Таб6!$C$5*Таб1!C14/4.19/1000000 -> -0.033900072 | J38: =J23-J37+J4*Таб6!$C$5*Таб1!D14/4.19/1000000 -> -0.01736614 | K38: =K23-K37+K4*Таб6!$C$5*Таб1!E14/4.19/1000000 -> -0.0083790622 | L38: =L23-L37+L4*Таб6!$C$5*Таб1!F14/4.19/1000000 -> -0.0038841974

Sheet Таб7
A1: Наименование | B1: Единица измерения | C1: Зона 1 | D1: Зона 2 | E1: Зона 3 | F1: Зона 4 | G1: Зона 5 | H1: Зона 6 | I1: Зона 7 | J1: Зона 8 | K1: Зона 9 | L1: Зона 10 | M1: Зона XX
A2: Коэффициент теплоотдачи от боковых стен в окружающую среду | B2: ккал/(м2*ч*0С) | C2: =C8*C7/C4 -> 5.828162 | D2: =D8*D7/D4 -> 5.3745015 | E2: =E8*E7/E4 -> 4.9812924 | F2: =F8*F7/F4 -> 4.7417034 | G2: =G8*G7/G4 -> 4.7417034 | H2: =H8*H7/H4 -> 4.7417034 | I2: =I8*I7/I4 -> #DIV/0! | J2: =J8*J7/J4 -> #DIV/0! | ... L2: =L8*L7/L4 -> #DIV/0!
A3: Коэффициент теплоотдачи от горизонтальных стен в окружающую среду | B3: ккал/(м2*ч*0С) | C3: =C9*C7/C5 -> 5.828162 | D3: =D9*D7/D5 -> 5.3745015 | E3: =E9*E7/E5 -> 4.9812924 | F3: =F9*F7/F5 -> 4.7417034 | G3: =G9*G7/G5 -> 4.7417034 | H3: =H9*H7/H5 -> 4.7417034 | I3: =I9*I7/I5 -> #DIV/0! | J3: =J9*J7/J5 -> #DIV/0! | ... L3: =L9*L7/L5 -> #DIV/0!
A4: Определяющий линейный размер для боковых стен | B4: м | C4: =IF(Таб2!C3="Вертикальный",Таб2!C4,Таб2!C6) -> 5.2215 | D4: =IF(Таб2!D3="Вертикальный",Таб2!D4,Таб2!D6) -> 7 | E4: =IF(Таб2!E3="Вертикальный",Таб2!E4,Таб2!E6) -> 3.3 | F4: =IF(Таб2!F3="Вертикальный",Таб2!F4,Таб2!F6) -> 2.5 | G4: =IF(Таб2!G3="Вертикальный",Таб2!G4,Таб2!G6) -> 3.7 | H4: =IF(Таб2!H3="Вертикальный",Таб2!H4,Таб2!H6) -> 2.5 | I4: =IF(Таб2!I3="Вертикальный",Таб2!I4,Таб2!I6) -> 0 | J4: =IF(Таб2!J3="Вертикальный",Таб2!J4,Таб2!J6) -> 0 | ... L4: =IF(Таб2!L3="Вертикальный",Таб2!L4,Таб2!L6) -> 0
A5: Определяющий линейный размер для горизонтальных стен | B5: м | C5: =Таб2!C5 -> 6.644 | D5: =Таб2!D5 -> 10.5 | E5: =Таб2!E5 -> 2.625 | F5: =Таб2!F5 -> 4.25 | G5: =Таб2!G5 -> 4.25 | H5: =Таб2!H5 -> 4.25 | I5: =Таб2!I5 -> 0 | J5: =Таб2!J5 -> 0 | ... L5: =Таб2!L5 -> 0
A6: Определяющая температура для всех поверхностей | B6: 0C | C6: =0.5*(Таб2!C18+Таб1!$C$14) -> 58.35 | D6: =0.5*(Таб2!D18+Таб1!$C$14) -> 48.226033 | E6: =0.5*(Таб2!E18+Таб1!$C$14) -> 41.800413 | F6: =0.5*(Таб2!F18+Таб1!$C$14) -> 38.35 | G6: =0.5*(Таб2!G18+Таб1!$C$14) -> 38.35 | H6: =0.5*(Таб2!H18+Таб1!$C$14) -> 38.35 | I6: =0.5*(Таб2!I18+Таб1!$C$14) -> 8.35 | J6: =0.5*(Таб2!J18+Таб1!$C$14) -> 8.35 | ... L6: =0.5*(Таб2!L18+Таб1!$C$14) -> 8.35
A7: Коэффициент теплопроводности воздуха при tопр | B7: ккал/(м*ч*0С) | C7: {=IFERROR(INDEX(Пр2_Физические_характеристики_воздуха[Температуропроводность, λ*10-2, ккал/(м*ч*оС)],MATCH(MIN(IF(Пр2_Физические_характеристики_воздуха[Температура, °С]>=C6,Пр2_Физические_характеристики_воздуха[Температура, °С],"")),Пр2_Физические_характеристики_воздуха[Температура, °С],0),0),"Ошибка")*10^-2} -> 0.0249625 | D7: {=IFERROR(INDEX(Пр2_Физические_характеристики_воздуха[Температуропроводность, λ*10-2, ккал/(м*ч*оС)],MATCH(MIN(IF(Пр2_Физические_характеристики_воздуха[Температура, °С]>=D6,Пр2_Физические_характеристики_воздуха[Температура, °С],"")),Пр2_Физические_характеристики_воздуха[Температура, °С],0),0),"Ошибка")*10^-2} -> 0.02415 | E7: {=IFERROR(INDEX(Пр2_Физические_характеристики_воздуха[Температуропроводность, λ*10-2, ккал/(м*ч*оС)],MATCH(MIN(IF(Пр2_Физические_характеристики_воздуха[Температура, °С]>=E6,Пр2_Физические_характеристики_воздуха[Температура, °С],"")),Пр2_Физические_характеристики_воздуха[Температура, °С],0),0),"Ошибка")*10^-2} -> 0.02415 | F7: {=IFERROR(INDEX(Пр2_Физические_характеристики_воздуха[Температуропроводность, λ*10-2, ккал/(м*ч*оС)],MATCH(MIN(IF(Пр2_Физические_характеристики_воздуха[Температура, °С]>=F6,Пр2_Физические_характеристики_воздуха[Температура, °С],"")),Пр2_Физические_характеристики_воздуха[Температура, °С],0),0),"Ошибка")*10^-2} -> 0.02415 | G7: {=IFERROR(INDEX(Пр2_Физические_характеристики_воздуха[Температуропроводность, λ*10-2, ккал/(м*ч*оС)],MATCH(MIN(IF(Пр2_Физические_характеристики_воздуха[Температура, °С]>=G6,Пр2_Физические_характеристики_воздуха[Температура, °С],"")),Пр2_Физические_характеристики_воздуха[Температура, °С],0),0),"Ошибка")*10^-2} -> 0.02415 | H7: {=IFERROR(INDEX(Пр2_Физические_характеристики_воздуха[Температуропроводность, λ*10-2, ккал/(м*ч*оС)],MATCH(MIN(IF(Пр2_Физические_характеристики_воздуха[Температура, °С]>=H6,Пр2_Физические_характеристики_воздуха[Температура, °С],"")),Пр2_Физические_характеристики_воздуха[Температура, °С],0),0),"Ошибка")*10^-2} -> 0.02415 | I7: {=IFERROR(INDEX(Пр2_Физические_характеристики_воздуха[Температуропроводность, λ*10-2, ккал/(м*ч*оС)],MATCH(MIN(IF(Пр2_Физические_характеристики_воздуха[Температура, °С]>=I6,Пр2_Физические_характеристики_воздуха[Температура, °С],"")),Пр2_Физические_характеристики_воздуха[Температура, °С],0),0),"Ошибка")*10^-2} -> 0.0217125 | J7: {=IFERROR(INDEX(Пр2_Физические_характеристики_воздуха[Температуропроводность, λ*10-2, ккал/(м*ч*оС)],MATCH(MIN(IF(Пр2_Физические_характеристики_воздуха[Температура, °С]>=J6,Пр2_Физические_характеристики_воздуха[Температура, °С],"")),Пр2_Физические_характеристики_воздуха[Температура, °С],0),0),"Ошибка")*10^-2} -> 0.0217125 | ... L7: {=IFERROR(INDEX(Пр2_Физические_характеристики_воздуха[Температуропроводность, λ*10-2, ккал/(м*ч*оС)],MATCH(MIN(IF(Пр2_Физические_характеристики_воздуха[Температура, °С]>=L6,Пр2_Физические_характеристики_воздуха[Температура, °С],"")),Пр2_Физические_характеристики_воздуха[Температура, °С],0),0),"Ошибка")*10^-2} -> 0.0217125
A8: Число Нусельта для боковых стен | C8: =IF(C11*C16<=500,1.18*(C11*C16)^(1/8),IF(C11*C16<=2*10^7,0.54*(C11*C16)^(1/4),0.135*(C11*C16)^(1/3))) -> 1219.0986 | D8: =IF(D11*D16<=500,1.18*(D11*D16)^(1/8),IF(D11*D16<=2*10^7,0.54*(D11*D16)^(1/4),0.135*(D11*D16)^(1/3))) -> 1557.8265 | E8: =IF(E11*E16<=500,1.18*(E11*E16)^(1/8),IF(E11*E16<=2*10^7,0.54*(E11*E16)^(1/4),0.135*(E11*E16)^(1/3))) -> 680.6735 | F8: =IF(F11*F16<=500,1.18*(F11*F16)^(1/8),IF(F11*F16<=2*10^7,0.54*(F11*F16)^(1/4),0.135*(F11*F16)^(1/3))) -> 490.85956 | G8: =IF(G11*G16<=500,1.18*(G11*G16)^(1/8),IF(G11*G16<=2*10^7,0.54*(G11*G16)^(1/4),0.135*(G11*G16)^(1/3))) -> 726.47215 | H8: =IF(H11*H16<=500,1.18*(H11*H16)^(1/8),IF(H11*H16<=2*10^7,0.54*(H11*H16)^(1/4),0.135*(H11*H16)^(1/3))) -> 490.85956 | I8: =IF(I11*I16<=500,1.18*(I11*I16)^(1/8),IF(I11*I16<=2*10^7,0.54*(I11*I16)^(1/4),0.135*(I11*I16)^(1/3))) -> 0 | J8: =IF(J11*J16<=500,1.18*(J11*J16)^(1/8),IF(J11*J16<=2*10^7,0.54*(J11*J16)^(1/4),0.135*(J11*J16)^(1/3))) -> 0 | ... L8: =IF(L11*L16<=500,1.18*(L11*L16)^(1/8),IF(L11*L16<=2*10^7,0.54*(L11*L16)^(1/4),0.135*(L11*L16)^(1/3))) -> 0 | M8: Мастрюков БС (29) стр. 29
A9: Число Нусельта для горизонтальных стен | C9: =IF(C12*C16<=500,1.18*(C12*C16)^(1/8),IF(C12*C16<=2*10^7,0.54*(C12*C16)^(1/4),0.135*(C12*C16)^(1/3))) -> 1551.2192 | D9: =IF(D12*D16<=500,1.18*(D12*D16)^(1/8),IF(D12*D16<=2*10^7,0.54*(D12*D16)^(1/4),0.135*(D12*D16)^(1/3))) -> 2336.7398 | E9: =IF(E12*E16<=500,1.18*(E12*E16)^(1/8),IF(E12*E16<=2*10^7,0.54*(E12*E16)^(1/4),0.135*(E12*E16)^(1/3))) -> 541.44483 | F9: =IF(F12*F16<=500,1.18*(F12*F16)^(1/8),IF(F12*F16<=2*10^7,0.54*(F12*F16)^(1/4),0.135*(F12*F16)^(1/3))) -> 834.46126 | G9: =IF(G12*G16<=500,1.18*(G12*G16)^(1/8),IF(G12*G16<=2*10^7,0.54*(G12*G16)^(1/4),0.135*(G12*G16)^(1/3))) -> 834.46126 | H9: =IF(H12*H16<=500,1.18*(H12*H16)^(1/8),IF(H12*H16<=2*10^7,0.54*(H12*H16)^(1/4),0.135*(H12*H16)^(1/3))) -> 834.46126 | I9: =IF(I12*I16<=500,1.18*(I12*I16)^(1/8),IF(I12*I16<=2*10^7,0.54*(I12*I16)^(1/4),0.135*(I12*I16)^(1/3))) -> 0 | J9: =IF(J12*J16<=500,1.18*(J12*J16)^(1/8),IF(J12*J16<=2*10^7,0.54*(J12*J16)^(1/4),0.135*(J12*J16)^(1/3))) -> 0 | ... L9: =IF(L12*L16<=500,1.18*(L12*L16)^(1/8),IF(L12*L16<=2*10^7,0.54*(L12*L16)^(1/4),0.135*(L12*L16)^(1/3))) -> 0 | M9: Мастрюков БС (29) стр. 29
A10: Число Нусельта | C10: =0.15*(C11*C16)^0.33*(C16/C17)^0.25 -> 1238.3053 | D10: =0.15*(D11*D16)^0.33*(D16/D17)^0.25 -> 1578.4911 | E10: =0.15*(E11*E16)^0.33*(E16/E17)^0.25 -> 695.12281 | F10: =0.15*(F11*F16)^0.33*(F16/F17)^0.25 -> 502.6943 | G10: =0.15*(G11*G16)^0.33*(G16/G17)^0.25 -> 741.07654 | H10: =0.15*(H11*H16)^0.33*(H16/H17)^0.25 -> 502.6943 | I10: =0.15*(I11*I16)^0.33*(I16/I17)^0.25 -> 0 | J10: =0.15*(J11*J16)^0.33*(J16/J17)^0.25 -> 0 | ... L10: =0.15*(L11*L16)^0.33*(L16/L17)^0.25 -> 0
A11: Число Грасгоф для боковых стен | C11: =C13*C4^3*9.81*C14/C15^2 -> 1.0614808e+12 | D11: =D13*D4^3*9.81*D14/D15^2 -> 2.2109106e+12 | E11: =E13*E4^3*9.81*E14/E15^2 -> 1.8442951e+11 | F11: =F13*F4^3*9.81*F14/F15^2 -> 6.9164885e+10 | G11: =G13*G4^3*9.81*G14/G15^2 -> 2.2421817e+11 | H11: =H13*H4^3*9.81*H14/H15^2 -> 6.9164885e+10 | I11: =I13*I4^3*9.81*I14/I15^2 -> 0 | J11: =J13*J4^3*9.81*J14/J15^2 -> 0 | ... L11: =L13*L4^3*9.81*L14/L15^2 -> 0
A12: Число Грасгоф для горизонтальных стен | C12: =C13*C5^3*9.81*C14/C15^2 -> 2.1868308e+12 | D12: =D13*D5^3*9.81*D14/D15^2 -> 7.4618232e+12 | E12: =E13*E5^3*9.81*E14/E15^2 -> 9.2827473e+10 | F12: =F13*F5^3*9.81*F14/F15^2 -> 3.3980708e+11 | G12: =G13*G5^3*9.81*G14/G15^2 -> 3.3980708e+11 | H12: =H13*H5^3*9.81*H14/H15^2 -> 3.3980708e+11 | I12: =I13*I5^3*9.81*I14/I15^2 -> 0 | J12: =J13*J5^3*9.81*J14/J15^2 -> 0 | ... L12: =L13*L5^3*9.81*L14/L15^2 -> 0
A13: Коэффициент объемного расширения | B13: 1/K | C13: =1/(Таб1!C14+273) -> 0.0034518467 | D13: =1/(Таб1!C14+273) -> 0.0034518467 | E13: =1/(Таб1!C14+273) -> 0.0034518467 | F13: =1/(Таб1!C14+273) -> 0.0034518467 | G13: =1/(Таб1!C14+273) -> 0.0034518467 | H13: =1/(Таб1!C14+273) -> 0.0034518467 | I13: =1/(Таб1!C14+273) -> 0.0034518467 | J13: =1/(Таб1!D14+273) -> 0.0036630037 | K13: =1/(Таб1!E14+273) -> 0.0036630037 | L13: =1/(Таб1!F14+273) -> 0.0036630037
A14: Температурный напор | B14: 0C | C14: =Таб2!C18-Таб1!$C$14 -> 83.3 | D14: =Таб2!D18-Таб1!$C$14 -> 63.052066 | E14: =Таб2!E18-Таб1!$C$14 -> 50.200826 | F14: =Таб2!F18-Таб1!$C$14 -> 43.3 | G14: =Таб2!G18-Таб1!$C$14 -> 43.3 | H14: =Таб2!H18-Таб1!$C$14 -> 43.3 | I14: =Таб2!I18-Таб1!$C$14 -> -16.7 | J14: =Таб2!J18-Таб1!$C$14 -> -16.7 | ... L14: =Таб2!L18-Таб1!$C$14 -> -16.7
A15: Коэффициент кинематической вязкости воздуха | B15: м2/с | C15: {=IFERROR(INDEX(Пр2_Физические_характеристики_воздуха[Кинематическая вязкость, ν*10-6, м2/сек],MATCH(MIN(IF(Пр2_Физические_характеристики_воздуха[Температура, °С]>=C6,Пр2_Физические_характеристики_воздуха[Температура, °С],"")),Пр2_Физические_характеристики_воздуха[Температура, °С],0),0),"Ошибка")*10^-6} -> 1.945e-05 | D15: {=IFERROR(INDEX(Пр2_Физические_характеристики_воздуха[Кинематическая вязкость, ν*10-6, м2/сек],MATCH(MIN(IF(Пр2_Физические_характеристики_воздуха[Температура, °С]>=D6,Пр2_Физические_характеристики_воздуха[Температура, °С],"")),Пр2_Физические_характеристики_воздуха[Температура, °С],0),0),"Ошибка")*10^-6} -> 1.82e-05 | E15: {=IFERROR(INDEX(Пр2_Физические_характеристики_воздуха[Кинематическая вязкость, ν*10-6, м2/сек],MATCH(MIN(IF(Пр2_Физические_характеристики_воздуха[Температура, °С]>=E6,Пр2_Физические_характеристики_воздуха[Температура, °С],"")),Пр2_Физические_характеристики_воздуха[Температура, °С],0),0),"Ошибка")*10^-6} -> 1.82e-05 | F15: {=IFERROR(INDEX(Пр2_Физические_характеристики_воздуха[Кинематическая вязкость, ν*10-6, м2/сек],MATCH(MIN(IF(Пр2_Физические_характеристики_воздуха[Температура, °С]>=F6,Пр2_Физические_характеристики_воздуха[Температура, °С],"")),Пр2_Физические_характеристики_воздуха[Температура, °С],0),0),"Ошибка")*10^-6} -> 1.82e-05 | G15: {=IFERROR(INDEX(Пр2_Физические_характеристики_воздуха[Кинематическая вязкость, ν*10-6, м2/сек],MATCH(MIN(IF(Пр2_Физические_характеристики_воздуха[Температура, °С]>=G6,Пр2_Физические_характеристики_воздуха[Температура, °С],"")),Пр2_Физические_характеристики_воздуха[Температура, °С],0),0),"Ошибка")*10^-6} -> 1.82e-05 | H15: {=IFERROR(INDEX(Пр2_Физические_характеристики_воздуха[Кинематическая вязкость, ν*10-6, м2/сек],MATCH(MIN(IF(Пр2_Физические_характеристики_воздуха[Температура, °С]>=H6,Пр2_Физические_характеристики_воздуха[Температура, °С],"")),Пр2_Физические_характеристики_воздуха[Температура, °С],0),0),"Ошибка")*10^-6} -> 1.82e-05 | I15: {=IFERROR(INDEX(Пр2_Физические_характеристики_воздуха[Кинематическая вязкость, ν*10-6, м2/сек],MATCH(MIN(IF(Пр2_Физические_характеристики_воздуха[Температура, °С]>=I6,Пр2_Физические_характеристики_воздуха[Температура, °С],"")),Пр2_Физические_характеристики_воздуха[Температура, °С],0),0),"Ошибка")*10^-6} -> 1.445e-05 | J15: {=IFERROR(INDEX(Пр2_Физические_характеристики_воздуха[Кинематическая вязкость, ν*10-6, м2/сек],MATCH(MIN(IF(Пр2_Физические_характеристики_воздуха[Температура, °С]>=J6,Пр2_Физические_характеристики_воздуха[Температура, °С],"")),Пр2_Физические_характеристики_воздуха[Температура, °С],0),0),"Ошибка")*10^-6} -> 1.445e-05 | ... L15: {=IFERROR(INDEX(Пр2_Физические_характеристики_воздуха[Кинематическая вязкость, ν*10-6, м2/сек],MATCH(MIN(IF(Пр2_Физические_характеристики_воздуха[Температура, °С]>=L6,Пр2_Физические_характеристики_воздуха[Температура, °С],"")),Пр2_Физические_характеристики_воздуха[Температура, °С],0),0),"Ошибка")*10^-6} -> 1.445e-05
A16: Число Прандтля для воздуха при tопр | C16: {=IFERROR(INDEX(Пр2_Физические_характеристики_воздуха[Критерий Прандтля Pr],MATCH(MIN(IF(Пр2_Физические_характеристики_воздуха[Температура, °С]>=C6,Пр2_Физические_характеристики_воздуха[Температура, °С],"")),Пр2_Физические_характеристики_воздуха[Температура, °С],0),0),"Ошибка")} -> 0.69375 | D16: {=IFERROR(INDEX(Пр2_Физические_характеристики_воздуха[Критерий Прандтля Pr],MATCH(MIN(IF(Пр2_Физические_характеристики_воздуха[Температура, °С]>=D6,Пр2_Физические_характеристики_воздуха[Температура, °С],"")),Пр2_Физические_характеристики_воздуха[Температура, °С],0),0),"Ошибка")} -> 0.695 | E16: {=IFERROR(INDEX(Пр2_Физические_характеристики_воздуха[Критерий Прандтля Pr],MATCH(MIN(IF(Пр2_Физические_характеристики_воздуха[Температура, °С]>=E6,Пр2_Физические_характеристики_воздуха[Температура, °С],"")),Пр2_Физические_характеристики_воздуха[Температура, °С],0),0),"Ошибка")} -> 0.695 | F16: {=IFERROR(INDEX(Пр2_Физические_характеристики_воздуха[Критерий Прандтля Pr],MATCH(MIN(IF(Пр2_Физические_характеристики_воздуха[Температура, °С]>=F6,Пр2_Физические_характеристики_воздуха[Температура, °С],"")),Пр2_Физические_характеристики_воздуха[Температура, °С],0),0),"Ошибка")} -> 0.695 | G16: {=IFERROR(INDEX(Пр2_Физические_характеристики_воздуха[Критерий Прандтля Pr],MATCH(MIN(IF(Пр2_Физические_характеристики_воздуха[Температура, °С]>=G6,Пр2_Физические_характеристики_воздуха[Температура, °С],"")),Пр2_Физические_характеристики_воздуха[Температура, °С],0),0),"Ошибка")} -> 0.695 | H16: {=IFERROR(INDEX(Пр2_Физические_характеристики_воздуха[Критерий Прандтля Pr],MATCH(MIN(IF(Пр2_Физические_характеристики_воздуха[Температура, °С]>=H6,Пр2_Физические_характеристики_воздуха[Температура, °С],"")),Пр2_Физические_характеристики_воздуха[Температура, °С],0),0),"Ошибка")} -> 0.695 | I16: {=IFERROR(INDEX(Пр2_Физические_характеристики_воздуха[Критерий Прандтля Pr],MATCH(MIN(IF(Пр2_Физические_характеристики_воздуха[Температура, °С]>=I6,Пр2_Физические_характеристики_воздуха[Температура, °С],"")),Пр2_Физические_характеристики_воздуха[Температура, °С],0),0),"Ошибка")} -> 0.69875 | J16: {=IFERROR(INDEX(Пр2_Физические_характеристики_воздуха[Критерий Прандтля Pr],MATCH(MIN(IF(Пр2_Физические_характеристики_воздуха[Температура, °С]>=J6,Пр2_Физические_характеристики_воздуха[Температура, °С],"")),Пр2_Физические_характеристики_воздуха[Температура, °С],0),0),"Ошибка")} -> 0.69875 | ... L16: {=IFERROR(INDEX(Пр2_Физические_характеристики_воздуха[Критерий Прандтля Pr],MATCH(MIN(IF(Пр2_Физические_характеристики_воздуха[Температура, °С]>=L6,Пр2_Физические_характеристики_воздуха[Температура, °С],"")),Пр2_Физические_характеристики_воздуха[Температура, °С],0),0),"Ошибка")} -> 0.69875
A17: Число Прандтля для воздуха при температуре стенки | C17: {=IFERROR(INDEX(Пр2_Физические_характеристики_воздуха[Критерий Прандтля Pr],MATCH(MIN(IF(Пр2_Физические_характеристики_воздуха[Температура, °С]>=Таб2!C$18,Пр2_Физические_характеристики_воздуха[Температура, °С],"")),Пр2_Физические_характеристики_воздуха[Температура, °С],0),0),"Ошибка")} -> 0.69 | D17: {=IFERROR(INDEX(Пр2_Физические_характеристики_воздуха[Критерий Прандтля Pr],MATCH(MIN(IF(Пр2_Физические_характеристики_воздуха[Температура, °С]>=Таб2!$D$18,Пр2_Физические_характеристики_воздуха[Температура, °С],"")),Пр2_Физические_характеристики_воздуха[Температура, °С],0),0),"Ошибка")} -> 0.69125 | E17: {=IFERROR(INDEX(Пр2_Физические_характеристики_воздуха[Критерий Прандтля Pr],MATCH(MIN(IF(Пр2_Физические_характеристики_воздуха[Температура, °С]>=Таб2!$E$18,Пр2_Физические_характеристики_воздуха[Температура, °С],"")),Пр2_Физические_характеристики_воздуха[Температура, °С],0),0),"Ошибка")} -> 0.6925 | F17: {=IFERROR(INDEX(Пр2_Физические_характеристики_воздуха[Критерий Прандтля Pr],MATCH(MIN(IF(Пр2_Физические_характеристики_воздуха[Температура, °С]>=Таб2!$F$18,Пр2_Физические_характеристики_воздуха[Температура, °С],"")),Пр2_Физические_характеристики_воздуха[Температура, °С],0),0),"Ошибка")} -> 0.69375 | G17: {=IFERROR(INDEX(Пр2_Физические_характеристики_воздуха[Критерий Прандтля Pr],MATCH(MIN(IF(Пр2_Физические_характеристики_воздуха[Температура, °С]>=Таб2!$G$18,Пр2_Физические_характеристики_воздуха[Температура, °С],"")),Пр2_Физические_характеристики_воздуха[Температура, °С],0),0),"Ошибка")} -> 0.69375 | H17: {=IFERROR(INDEX(Пр2_Физические_характеристики_воздуха[Критерий Прандтля Pr],MATCH(MIN(IF(Пр2_Физические_характеристики_воздуха[Температура, °С]>=Таб2!$H$18,Пр2_Физические_характеристики_воздуха[Температура, °С],"")),Пр2_Физические_характеристики_воздуха[Температура, °С],0),0),"Ошибка")} -> 0.69375 | I17: {=IFERROR(INDEX(Пр2_Физические_характеристики_воздуха[Критерий Прандтля Pr],MATCH(MIN(IF(Пр2_Физические_характеристики_воздуха[Температура, °С]>=Таб2!$I$18,Пр2_Физические_характеристики_воздуха[Температура, °С],"")),Пр2_Физические_характеристики_воздуха[Температура, °С],0),0),"Ошибка")} -> 0.7 | J17: {=IFERROR(INDEX(Пр2_Физические_характеристики_воздуха[Критерий Прандтля Pr],MATCH(MIN(IF(Пр2_Физические_характеристики_воздуха[Температура, °С]>=Таб2!$I$18,Пр2_Физические_характеристики_воздуха[Температура, °С],"")),Пр2_Физические_характеристики_воздуха[Температура, °С],0),0),"Ошибка")} -> 0.7 | K17: {=IFERROR(INDEX(Пр2_Физические_характеристики_воздуха[Критерий Прандтля Pr],MATCH(MIN(IF(Пр2_Физические_характеристики_воздуха[Температура, °С]>=Таб2!$I$18,Пр2_Физические_характеристики_воздуха[Температура, °С],"")),Пр2_Физические_характеристики_воздуха[Температура, °С],0),0),"Ошибка")} -> 0.7 | L17: {=IFERROR(INDEX(Пр2_Физические_характеристики_воздуха[Критерий Прандтля Pr],MATCH(MIN(IF(Пр2_Физические_характеристики_воздуха[Температура, °С]>=Таб2!$I$18,Пр2_Физические_характеристики_воздуха[Температура, °С],"")),Пр2_Физические_характеристики_воздуха[Температура, °С],0),0),"Ошибка")} -> 0.7
A18: Потери тепла через боковые стены | B18: ккал/ч | C18: =C2*Таб5!C3*C14 -> 12674.823 | D18: =D2*Таб5!D3*D14 -> 145647.8 | E18: =E2*Таб5!E3*E14 -> 12545.736 | F18: =F2*Таб5!F3*F14 -> 38250.325 | G18: =G2*Таб5!G3*G14 -> 4240.5524 | H18: =H2*Таб5!H3*H14 -> 38250.325 | I18: =I2*Таб5!I3*I14 -> #DIV/0! | J18: =J2*Таб5!J3*J14 -> #DIV/0! | ... L18: =L2*Таб5!L3*L14 -> #DIV/0!
A19: Потери тепла через горизонтальные стены | B19: ккал/ч | C19: =C3*Таб5!C4*C14 -> 0 | D19: =D3*Таб5!D4*D14 -> 0 | E19: =E3*Таб5!E4*E14 -> 0 | F19: =F3*Таб5!F4*F14 -> 0 | G19: =G3*Таб5!G4*G14 -> 0 | H19: =H3*Таб5!H4*H14 -> 0 | I19: =I3*Таб5!I4*I14 -> #DIV/0! | J19: =J3*Таб5!J4*J14 -> #DIV/0! | ... L19: =L3*Таб5!L4*L14 -> #DIV/0!
A20: Потери тепла в окружающую среду | B20: % | C20: =(C18+C19)/Таб6!C38/1000000 -> 0.0082499501 | D20: =(D18+D19)/Таб6!D38/1000000 -> 0.018725936 | E20: =(E18+E19)/Таб6!E38/1000000 -> 0.015289068 | F20: =(F18+F19)/Таб6!F38/1000000 -> 0.018076034 | G20: =(G18+G19)/Таб6!G38/1000000 -> 0.02316006 | H20: =(H18+H19)/Таб6!H38/1000000 -> 0.033847719 | I20: =(I18+I19)/Таб6!I38/1000000 -> #DIV/0! | J20: =(J18+J19)/Таб6!J38/1000000 -> #DIV/0! | ... L20: =(L18+L19)/Таб6!L38/1000000 -> #DIV/0!
A21: Потери тепла в окружающую среду | C21: =IF(C20>=0.07,"МНОГО!",IF(C20<0.01,"МАЛО!","ПРАВИЛЬНО!")) -> МАЛО! | D21: =IF(D20>=0.07,"МНОГО!",IF(D20<0.01,"МАЛО!","ПРАВИЛЬНО!")) -> ПРАВИЛЬНО! | E21: =IF(E20>=0.07,"МНОГО!",IF(E20<0.01,"МАЛО!","ПРАВИЛЬНО!")) -> ПРАВИЛЬНО! | F21: =IF(F20>=0.07,"МНОГО!",IF(F20<0.01,"МАЛО!","ПРАВИЛЬНО!")) -> ПРАВИЛЬНО! | G21: =IF(G20>=0.07,"МНОГО!",IF(G20<0.01,"МАЛО!","ПРАВИЛЬНО!")) -> ПРАВИЛЬНО! | H21: =IF(H20>=0.07,"МНОГО!",IF(H20<0.01,"МАЛО!","ПРАВИЛЬНО!")) -> ПРАВИЛЬНО! | I21: =IF(I20>=0.07,"МНОГО!",IF(I20<0.01,"МАЛО!","ПРАВИЛЬНО!")) -> #DIV/0! | J21: =IF(J20>=0.07,"МНОГО!",IF(J20<0.01,"МАЛО!","ПРАВИЛЬНО!")) -> #DIV/0! | ... L21: =IF(L20>=0.07,"МНОГО!",IF(L20<0.01,"МАЛО!","ПРАВИЛЬНО!")) -> #DIV/0!

Sheet Результаты
A1: Наименование параметра | B1: Единица | C1: Зона 1 | D1: Зона 2 | E1: Зона 3 | F1: Зона 4 | G1: Зона 5 | H1: Зона 6 | I1: Зона 7
A2: Наименование тепловой зоны | B2: - | C2: =Таб2!$C$2 -> Воротник | D2: =Таб2!$D$2 -> Радиационная шахта | E2: =Таб2!$E$2 -> Холодная воронка 1 | F2: =Таб2!$F$2 -> Конвективная шахта | G2: =Таб2!$G$2 -> Переход | H2: =Таб2!$H$2 -> Газоохладитель без ширмы | I2: =Таб2!$I$2 -> 0
A3: Количество тепла газов на входе в зону с учетом подсоса воздуха | B3: Гкал/ч | C3: =Таб6!$C$23 -> 20.000885 | D3: =Таб6!$D$23 -> 18.465435 | E3: =Таб6!$E$23 -> 10.688471 | F3: =Таб6!$F$23 -> 9.8742101 | G3: =Таб6!$G$23 -> 7.7635376 | H3: =Таб6!$H$23 -> 7.58044 | I3: =Таб6!$I$23 -> 6.4521713
A4: Температура газов на выходе из КУ | B4: оC | C4: =Таб6!$C$24 -> 1170 | D4: =Таб6!$D$24 -> 720 | E4: =Таб6!$E$24 -> 654 | F4: =Таб6!$F$24 -> 513 | G4: =Таб6!$G$24 -> 502 | H4: =Таб6!$H$24 -> 431 | I4: =Таб6!$I$24 -> 431
A5: Температура охлаждающей среды | B5: оC | C5: =Таб4!$D$3 -> 251 | D5: =Таб4!$D$3 -> 251 | E5: =Таб4!$D$3 -> 251 | F5: =Таб4!$D$3 -> 251 | G5: =Таб4!$D$3 -> 251 | H5: =Таб4!$D$3 -> 251 | I5: =Таб4!$D$3 -> 251
A6: Температурный напор, оС | B6: оC | C6: =Таб8!$D$18 -> 958.44361 | D6: =Таб8!$E$18 -> 668.96259 | E6: =Таб8!$F$18 -> 435.16616 | F6: =Таб8!$G$18 -> 327.45611 | G6: =Таб8!$H$18 -> 256.46068 | H6: =Таб8!$I$18 -> 213.53635 | I6: =Таб8!$J$18 -> #DIV/0!
A7: Коэффициент теплопередачи | B7: ккал/(м2*ч*К) | C7: =Таб8!$D$73 -> 45.763651 | D7: =Таб8!$E$73 -> 41.166425 | E7: =Таб8!$F$73 -> 36.7196 | F7: =Таб8!$G$73 -> 29.800176 | G7: =Таб8!$H$73 -> 26.570937 | H7: =Таб8!$I$73 -> 24.14765 | I7: =Таб8!$J$73 -> #DIV/0!
A8: Площадь поверхности нагрева | B8: м2 | C8: =Таб5!$C$7 -> 59.3275 | D8: =Таб5!$D$7 -> 468.60835 | E8: =Таб5!$E$7 -> 85.40555 | F8: =Таб5!$F$7 -> 362.4 | G8: =Таб5!$G$7 -> 44.52 | H8: =Таб5!$H$7 -> 362.4 | I8: =Таб5!$I$7 -> 0
A9: Доля поверхности стен | B9: % | C9: =Таб5!$C$8 -> 1 | D9: =Таб5!$D$8 -> 1 | E9: =Таб5!$E$8 -> 1 | F9: =Таб5!$F$8 -> 1 | G9: =Таб5!$G$8 -> 1 | H9: =Таб5!$H$8 -> 1 | I9: =Таб5!$I$8 -> #DIV/0!
A10: Доля поверхности ширм | B10: % | C10: =Таб5!$C$9 -> 0 | D10: =Таб5!$D$9 -> 0 | E10: =Таб5!$E$9 -> 0 | F10: =Таб5!$F$9 -> 0 | G10: =Таб5!$G$9 -> 0 | H10: =Таб5!$H$9 -> 0 | I10: =Таб5!$I$9 -> #DIV/0!
A11: Количество полезного тепла | B11: Гкал/ч | C11: =Таб8!$D$80 -> 1.5353072 | D11: =Таб8!$E$80 -> 7.6138974 | E11: =Таб8!$F$80 -> 0.80517663 | F11: =Таб8!$G$80 -> 2.0864699 | G11: =Таб8!$H$80 -> 0.1789925 | H11: =Таб8!$I$80 -> 1.102521 | I11: =Таб8!$J$80 -> #DIV/0!
A12: Проверка теплового баланса | C12: =Таб8!$D$82 -> -0.0076332177 | D12: =Таб8!$E$82 -> 0.0024002736 | E12: =Таб8!$F$82 -> 0.003523002 | F12: =Таб8!$G$82 -> -0.0041585163 | G12: =Таб8!$H$82 -> -0.00075709093 | H12: =Таб8!$I$82 -> -0.0098004602 | I12: =Таб8!$J$82 -> #DIV/0!
A13: Коэффициент использования тепла, % | B13: % | C13: =Таб8!$D$84 -> 0.076761964 | D13: =Таб8!$E$84 -> 0.38067803 | E13: =Таб8!$F$84 -> 0.040257051 | F13: =Таб8!$G$84 -> 0.10431888 | G13: =Таб8!$H$84 -> 0.008949229 | H13: =Таб8!$I$84 -> 0.055123612 | I13: =Таб8!$J$84 -> #DIV/0!
A14: Выработка насыщенного пара | B14: т/ч | C14: =Таб8!$D$87/1000 -> 0.0025184452 | D14: =Таб8!$E$87/1000 -> 0.012489476 | E14: =Таб8!$F$87/1000 -> 0.0013207736 | F14: =Таб8!$G$87/1000 -> 0.0034225463 | G14: =Таб8!$H$87/1000 -> 0.00029361081 | H14: =Таб8!$I$87/1000 -> 0.0018085232 | I14: =Таб8!$J$87/1000 -> #DIV/0!
A15: Удельный тепловой поток от газов к паро-водяной смеси | B15: Мкал/(м2*ч) | C15: =Таб8!$D$79/1000 -> 25.878508 | D15: =Таб8!$E$79/1000 -> 16.247891 | E15: =Таб8!$F$79/1000 -> 9.4276851 | F15: =Таб8!$G$79/1000 -> 5.7573672 | G15: =Таб8!$H$79/1000 -> 4.0204964 | H15: =Таб8!$I$79/1000 -> 3.0422765 | I15: =Таб8!$J$79/1000 -> #DIV/0!
A16: Удельная поверхность нагрева на 1 т выработки пара | B16: (м2*ч)/т | C16: =$C$8/$C$14 -> 23557.194 | D16: =$D$8/$D$14 -> 37520.256 | E16: =$E$8/$E$14 -> 64663.279 | F16: =$F$8/$F$14 -> 105886.08 | G16: =$G$8/$G$14 -> 151629.29 | H16: =$H$8/$H$14 -> 200384.49 | I16: =$I$8/$I$14 -> #DIV/0!
A26: Названия строк | B26: Температура газов на выходе из КУ, оC | C26: Площадь поверхности нагрева, м2 | D26: Выработка насыщенного пара, т/ч | E26: Количество полезного тепла, Гкал/ч | G26: Зона нагрева | H26: X | I26: Y | J26: Температура газов на выходе из КУ, оC | K26: Площадь поверхности нагрева, м2 | L26: Выработка насыщенного пара, т/ч | M26: Количество полезного тепла, Гкал/ч | N26: Подписи
A27: Зона_1 | B27: 1160 | C27: 132.68 | D27: 3.287897 | E27: 2.0043843 | G27: Зона_1 | H27: 10 | I27: 48 | J27: =SUMIF($A:$A,Таблица14[[#This Row],[Зона нагрева]],B:B) -> 1160 | K27: =SUMIF($A:$A,Таблица14[[#This Row],[Зона нагрева]],C:C) -> 154.21619 | L27: =SUMIF($A:$A,Таблица14[[#This Row],[Зона нагрева]],D:D) -> 1173.3647 | M27: =SUMIF($A:$A,Таблица14[[#This Row],[Зона нагрева]],E:E) -> 255.52283 | N27: =Таблица14[[#This Row],[Зона нагрева]]&CHAR(10)&TEXT(Таблица14[[#This Row],[Температура газов на выходе из КУ, оC ]],"0")&"оС"&CHAR(10)&TEXT(Таблица14[[#This Row],[Площадь поверхности нагрева, м2 ]],"0,0")&"м2"&CHAR(10)&TEXT(Таблица14[[#This Row],[Выработка насыщенного пара, т/ч ]],"0,0")&"т/ч"&CHAR(10)&TEXT(Таблица14[[#This Row],[Количество полезного тепла, Гкал/ч ]],"0,0")&"Гкал/ч" -> Зона_1 1160оС 154,2м2 1173,4т/ч 255,5Гкал/ч
A28: Зона_2 | B28: 1114 | C28: 65 | D28: 1.4226072 | E28: 0.86725693 | G28: Зона_2 | H28: 22 | I28: 62 | J28: =SUMIF($A:$A,Таблица14[[#This Row],[Зона нагрева]],B:B) -> 1114 | K28: =SUMIF($A:$A,Таблица14[[#This Row],[Зона нагрева]],C:C) -> 91.079332 | L28: =SUMIF($A:$A,Таблица14[[#This Row],[Зона нагрева]],D:D) -> 721.80329 | M28: =SUMIF($A:$A,Таблица14[[#This Row],[Зона нагрева]],E:E) -> 264.35673 | N28: =Таблица14[[#This Row],[Зона нагрева]]&CHAR(10)&TEXT(Таблица14[[#This Row],[Температура газов на выходе из КУ, оC ]],"0")&"оС"&CHAR(10)&TEXT(Таблица14[[#This Row],[Площадь поверхности нагрева, м2 ]],"0,0")&"м2"&CHAR(10)&TEXT(Таблица14[[#This Row],[Выработка насыщенного пара, т/ч ]],"0,0")&"т/ч"&CHAR(10)&TEXT(Таблица14[[#This Row],[Количество полезного тепла, Гкал/ч ]],"0,0")&"Гкал/ч" -> Зона_2 1114оС 91,1м2 721,8т/ч 264,4Гкал/ч
A29: Зона_3 | B29: 884 | C29: 487.5 | D29: 7.8271747 | E29: 4.7716416 | G29: Зона_3 | H29: 38 | I29: 40 | J29: =SUMIF($A:$A,Таблица14[[#This Row],[Зона нагрева]],B:B) -> 884 | K29: =SUMIF($A:$A,Таблица14[[#This Row],[Зона нагрева]],C:C) -> 498.99365 | L29: =SUMIF($A:$A,Таблица14[[#This Row],[Зона нагрева]],D:D) -> 661.86743 | M29: =SUMIF($A:$A,Таблица14[[#This Row],[Зона нагрева]],E:E) -> 257.09242 | N29: =Таблица14[[#This Row],[Зона нагрева]]&CHAR(10)&TEXT(Таблица14[[#This Row],[Температура газов на выходе из КУ, оC ]],"0")&"оС"&CHAR(10)&TEXT(Таблица14[[#This Row],[Площадь поверхности нагрева, м2 ]],"0,0")&"м2"&CHAR(10)&TEXT(Таблица14[[#This Row],[Выработка насыщенного пара, т/ч ]],"0,0")&"т/ч"&CHAR(10)&TEXT(Таблица14[[#This Row],[Количество полезного тепла, Гкал/ч ]],"0,0")&"Гкал/ч" -> Зона_3 884оС 499,0м2 661,9т/ч 257,1Гкал/ч
A30: Зона_4 | B30: 816 | C30: 143 | D30: 1.7783481 | E30: 1.0841255 | G30: Зона_4 | H30: 50 | I30: 11 | J30: =SUMIF($A:$A,Таблица14[[#This Row],[Зона нагрева]],B:B) -> 816 | K30: =SUMIF($A:$A,Таблица14[[#This Row],[Зона нагрева]],C:C) -> 154.96068 | L30: =SUMIF($A:$A,Таблица14[[#This Row],[Зона нагрева]],D:D) -> 514.88267 | M30: =SUMIF($A:$A,Таблица14[[#This Row],[Зона нагрева]],E:E) -> 255.50667 | N30: =Таблица14[[#This Row],[Зона нагрева]]&CHAR(10)&TEXT(Таблица14[[#This Row],[Температура газов на выходе из КУ, оC ]],"0")&"оС"&CHAR(10)&TEXT(Таблица14[[#This Row],[Площадь поверхности нагрева, м2 ]],"0,0")&"м2"&CHAR(10)&TEXT(Таблица14[[#This Row],[Выработка насыщенного пара, т/ч ]],"0,0")&"т/ч"&CHAR(10)&TEXT(Таблица14[[#This Row],[Количество полезного тепла, Гкал/ч ]],"0,0")&"Гкал/ч" -> Зона_4 816оС 155,0м2 514,9т/ч 255,5Гкал/ч
A31: Зона_5 | B31: 716 | C31: 312 | D31: 3.0479546 | E31: 1.8581094 | G31: Зона_5 | H31: 60 | I31: 52 | J31: =SUMIF($A:$A,Таблица14[[#This Row],[Зона нагрева]],B:B) -> 716 | K31: =SUMIF($A:$A,Таблица14[[#This Row],[Зона нагрева]],C:C) -> 319.94253 | L31: =SUMIF($A:$A,Таблица14[[#This Row],[Зона нагрева]],D:D) -> 505.0569 | M31: =SUMIF($A:$A,Таблица14[[#This Row],[Зона нагрева]],E:E) -> 253.15172 | N31: =Таблица14[[#This Row],[Зона нагрева]]&CHAR(10)&TEXT(Таблица14[[#This Row],[Температура газов на выходе из КУ, оC ]],"0")&"оС"&CHAR(10)&TEXT(Таблица14[[#This Row],[Площадь поверхности нагрева, м2 ]],"0,0")&"м2"&CHAR(10)&TEXT(Таблица14[[#This Row],[Выработка насыщенного пара, т/ч ]],"0,0")&"т/ч"&CHAR(10)&TEXT(Таблица14[[#This Row],[Количество полезного тепла, Гкал/ч ]],"0,0")&"Гкал/ч" -> Зона_5 716оС 319,9м2 505,1т/ч 253,2Гкал/ч
A32: Зона_6 | B32: 591 | C32: 302.5 | D32: 3.1512796 | E32: 1.9210989 | G32: Зона_6 | H32: 74 | I32: 83 | J32: =SUMIF($A:$A,Таблица14[[#This Row],[Зона нагрева]],B:B) -> 591 | K32: =SUMIF($A:$A,Таблица14[[#This Row],[Зона нагрева]],C:C) -> 311.18296 | L32: =SUMIF($A:$A,Таблица14[[#This Row],[Зона нагрева]],D:D) -> 434.2064 | M32: =SUMIF($A:$A,Таблица14[[#This Row],[Зона нагрева]],E:E) -> 254.72962 | N32: =Таблица14[[#This Row],[Зона нагрева]]&CHAR(10)&TEXT(Таблица14[[#This Row],[Температура газов на выходе из КУ, оC ]],"0")&"оС"&CHAR(10)&TEXT(Таблица14[[#This Row],[Площадь поверхности нагрева, м2 ]],"0,0")&"м2"&CHAR(10)&TEXT(Таблица14[[#This Row],[Выработка насыщенного пара, т/ч ]],"0,0")&"т/ч"&CHAR(10)&TEXT(Таблица14[[#This Row],[Количество полезного тепла, Гкал/ч ]],"0,0")&"Гкал/ч" -> Зона_6 591оС 311,2м2 434,2т/ч 254,7Гкал/ч
A33: Зона_7 | B33: 570 | C33: 144 | D33: 0.751586 | E33: 0.45818564 | G33: Зона_7 | H33: 74 | I33: 50 | J33: =SUMIF($A:$A,Таблица14[[#This Row],[Зона нагрева]],B:B) -> #DIV/0! | K33: =SUMIF($A:$A,Таблица14[[#This Row],[Зона нагрева]],C:C) -> #DIV/0! | L33: =SUMIF($A:$A,Таблица14[[#This Row],[Зона нагрева]],D:D) -> #DIV/0! | M33: =SUMIF($A:$A,Таблица14[[#This Row],[Зона нагрева]],E:E) -> #DIV/0! | N33: =Таблица14[[#This Row],[Зона нагрева]]&CHAR(10)&TEXT(Таблица14[[#This Row],[Температура газов на выходе из КУ, оC ]],"0")&"оС"&CHAR(10)&TEXT(Таблица14[[#This Row],[Площадь поверхности нагрева, м2 ]],"0,0")&"м2"&CHAR(10)&TEXT(Таблица14[[#This Row],[Выработка насыщенного пара, т/ч ]],"0,0")&"т/ч"&CHAR(10)&TEXT(Таблица14[[#This Row],[Количество полезного тепла, Гкал/ч ]],"0,0")&"Гкал/ч" -> #DIV/0!
A84: Зоны нагрева | B84: Наименование тепловой зоны | C84: Количество тепла газов на входе в зону с учетом подсоса воздуха, Гкал/ч | D84: Температура газов на выходе из КУ, оC | E84: Температура охлаждающей среды, оC | F84: Температурный напор, оС | G84: Коэффициент теплопередачи, ккал/(м2*ч*К) | H84: Площадь поверхности нагрева, м2 | I84: Доля поверхности стен, %
A85: Зона_1 | B85: =Таб2!$C$2 -> Воротник | C85: =Таб6!$C$23 -> 20.000885 | D85: =Таб6!$C$24 -> 1170 | E85: =Таб4!$D$3 -> 251 | F85: =Таб8!$D$18 -> 958.44361 | G85: =Таб8!$D$73 -> 45.763651 | H85: =Таб5!$C$7 -> 59.3275 | I85: =Таб5!$C$8 -> 1
A86: Зона_2 | B86: =Таб2!$D$2 -> Радиационная шахта | C86: =Таб6!$D$23 -> 18.465435 | D86: =Таб6!$D$24 -> 720 | E86: =Таб4!$D$3 -> 251 | F86: =Таб8!$E$18 -> 668.96259 | G86: =Таб8!$E$73 -> 41.166425 | H86: =Таб5!$D$7 -> 468.60835 | I86: =Таб5!$D$8 -> 1
A87: Зона_3 | B87: =Таб2!$E$2 -> Холодная воронка 1 | C87: =Таб6!$E$23 -> 10.688471 | D87: =Таб6!$E$24 -> 654 | E87: =Таб4!$D$3 -> 251 | F87: =Таб8!$F$18 -> 435.16616 | G87: =Таб8!$F$73 -> 36.7196 | H87: =Таб5!$E$7 -> 85.40555 | I87: =Таб5!$E$8 -> 1
A88: Зона_4 | B88: =Таб2!$F$2 -> Конвективная шахта | C88: =Таб6!$F$23 -> 9.8742101 | D88: =Таб6!$F$24 -> 513 | E88: =Таб4!$D$3 -> 251 | F88: =Таб8!$G$18 -> 327.45611 | G88: =Таб8!$G$73 -> 29.800176 | H88: =Таб5!$F$7 -> 362.4 | I88: =Таб5!$F$8 -> 1
A89: Зона_5 | B89: =Таб2!$G$2 -> Переход | C89: =Таб6!$G$23 -> 7.7635376 | D89: =Таб6!$G$24 -> 502 | E89: =Таб4!$D$3 -> 251 | F89: =Таб8!$H$18 -> 256.46068 | G89: =Таб8!$H$73 -> 26.570937 | H89: =Таб5!$G$7 -> 44.52 | I89: =Таб5!$G$8 -> 1
A90: Зона_6 | B90: =Таб2!$H$2 -> Газоохладитель без ширмы | C90: =Таб6!$H$23 -> 7.58044 | D90: =Таб6!$H$24 -> 431 | E90: =Таб4!$D$3 -> 251 | F90: =Таб8!$I$18 -> 213.53635 | G90: =Таб8!$I$73 -> 24.14765 | H90: =Таб5!$H$7 -> 362.4 | I90: =Таб5!$H$8 -> 1
A91: Зона_7 | B91: =Таб2!$I$2 -> 0 | C91: =Таб6!$I$23 -> 6.4521713 | D91: =Таб6!$I$24 -> 431 | E91: =Таб4!$D$3 -> 251 | F91: =Таб8!$J$18 -> #DIV/0! | G91: =Таб8!$J$73 -> #DIV/0! | H91: =Таб5!$I$7 -> 0 | I91: =Таб5!$I$8 -> #DIV/0!
A93: Зоны нагрева | B93: Доля поверхности ширм, % | C93: Количество полезного тепла, Гкал/ч | D93: Коэффициент использования тепла, % | E93: Выработка насыщенного пара, т/ч | F93: Удельный тепловой поток от газов к паро-водяной смеси, Мкал/(м2*ч) | G93: Удельная поверхность нагрева на 1 т выработки пара, (м2*ч)/т | H93: Средняя скорость потоков газов по зонам, м/с | I93: Средняя скорость потоков газов по зонам, м/с2 | J93: Потери тепла в окружающую среду | K93: Потери тепла в окружающую среду2 | L93: Проверка теплового баланса | M93: Проверка теплового баланса2
A94: Зона_1 | B94: =Таб5!$C$9 -> 0 | C94: =Таб8!$D$80 -> 1.5353072 | D94: =Таб8!$D$84 -> 0.076761964 | E94: =Таб8!$D$87 -> 2.5184452 | F94: =Таб8!$D$79/1000 -> 25.878508 | G94: =$H$85/$E$94 -> 23.557194 | H94: =Таб8!D2 -> 1.5565107 | I94: =Таб8!D3 -> ПРАВИЛЬНО! | J94: =Таб7!C20 -> 0.0082499501 | K94: =Таб7!C21 -> МАЛО! | L94: =Таб8!$D$82 -> -0.0076332177 | M94: =Таб8!D83 -> ПРАВИЛЬНО!
A95: Зона_2 | B95: =Таб5!$D$9 -> 0 | C95: =Таб8!$E$80 -> 7.6138974 | D95: =Таб8!$E$84 -> 0.38067803 | E95: =Таб8!$E$87 -> 12.489476 | F95: =Таб8!$E$79/1000 -> 16.247891 | G95: =$H$86/$E$95 -> 37.520256 | H95: =Таб8!E2 -> 0.61620817 | I95: =Таб8!E3 -> МАЛО! | J95: =Таб7!D20 -> 0.018725936 | K95: =Таб7!D21 -> ПРАВИЛЬНО! | L95: =Таб8!$E$82 -> 0.0024002736 | M95: =Таб8!E83 -> ПРАВИЛЬНО!
A96: Зона_3 | B96: =Таб5!$E$9 -> 0 | C96: =Таб8!$F$80 -> 0.80517663 | D96: =Таб8!$F$84 -> 0.040257051 | E96: =Таб8!$F$87 -> 1.3207736 | F96: =Таб8!$F$79/1000 -> 9.4276851 | G96: =$H$87/$E$96 -> 64.663279 | H96: =Таб8!F2 -> 2.329087 | I96: =Таб8!F3 -> МНОГО! | J96: =Таб7!E20 -> 0.015289068 | K96: =Таб7!E21 -> ПРАВИЛЬНО! | L96: =Таб8!$F$82 -> 0.003523002 | M96: =Таб8!F83 -> ПРАВИЛЬНО!
A97: Зона_4 | B97: =Таб5!$F$9 -> 0 | C97: =Таб8!$G$80 -> 2.0864699 | D97: =Таб8!$G$84 -> 0.10431888 | E97: =Таб8!$G$87 -> 3.4225463 | F97: =Таб8!$G$79/1000 -> 5.7573672 | G97: =$H$88/$E$97 -> 105.88608 | H97: =Таб8!G2 -> 1.6882662 | I97: =Таб8!G3 -> ПРАВИЛЬНО! | J97: =Таб7!F20 -> 0.018076034 | K97: =Таб7!F21 -> ПРАВИЛЬНО! | L97: =Таб8!$G$82 -> -0.0041585163 | M97: =Таб8!G83 -> ПРАВИЛЬНО!
A98: Зона_5 | B98: =Таб5!$G$9 -> 0 | C98: =Таб8!$H$80 -> 0.1789925 | D98: =Таб8!$H$84 -> 0.008949229 | E98: =Таб8!$H$87 -> 0.29361081 | F98: =Таб8!$H$79/1000 -> 4.0204964 | G98: =$H$89/$E$98 -> 151.62929 | H98: =Таб8!H2 -> 0.63114809 | I98: =Таб8!H3 -> МАЛО! | J98: =Таб7!G20 -> 0.02316006 | K98: =Таб7!G21 -> ПРАВИЛЬНО! | L98: =Таб8!$H$82 -> -0.00075709093 | M98: =Таб8!H83 -> ПРАВИЛЬНО!
A99: Зона_6 | B99: =Таб5!$H$9 -> 0 | C99: =Таб8!$I$80 -> 1.102521 | D99: =Таб8!$I$84 -> 0.055123612 | E99: =Таб8!$I$87 -> 1.8085232 | F99: =Таб8!$I$79/1000 -> 3.0422765 | G99: =$H$90/$E$99 -> 200.38449 | H99: =Таб8!I2 -> 1.4336559 | I99: =Таб8!I3 -> МАЛО! | J99: =Таб7!H20 -> 0.033847719 | K99: =Таб7!H21 -> ПРАВИЛЬНО! | L99: =Таб8!$I$82 -> -0.0098004602 | M99: =Таб8!I83 -> ПРАВИЛЬНО!
A100: Зона_7 | B100: =Таб5!$I$9 -> #DIV/0! | C100: =Таб8!$J$80 -> #DIV/0! | D100: =Таб8!$J$84 -> #DIV/0! | E100: =Таб8!$J$87 -> #DIV/0! | F100: =Таб8!$J$79/1000 -> #DIV/0! | G100: =$H$91/$E$100 -> #DIV/0! | H100: =Таб8!J2 -> #DIV/0! | I100: =Таб8!J3 -> #DIV/0! | J100: =Таб7!I20 -> #DIV/0! | K100: =Таб7!I21 -> #DIV/0! | L100: =Таб8!$J$82 -> #DIV/0! | M100: =Таб8!J83 -> #DIV/0!

Sheet Пр1
A1: Температура, °С | B1: Кинематическая вязкость, ν*10-6, м2/сек | C1: Температуропроводность, λ*10-2, ккал/(м*ч*оС) | D1: Критерий Прандтля Pr
A2: 0 | B2: 11.9 | C2: 1.96 | D2: 0.74
A3: 100 | B3: 20.8 | C3: 2.69 | D3: 0.7
A4: 200 | B4: 31.6 | C4: 3.45 | D4: 0.67
A5: 300 | B5: 43.9 | C5: 4.16 | D5: 0.65
A6: 400 | B6: 57.8 | C6: 4.9 | D6: 0.64
A7: 500 | B7: 73 | C7: 5.64 | D7: 0.62
A8: 600 | B8: 89.4 | C8: 6.38 | D8: 0.61
A9: 700 | B9: 107 | C9: 7.11 | D9: 0.6
A10: 800 | B10: 126 | C10: 7.87 | D10: 0.59
A11: 900 | B11: 146 | C11: 8.61 | D11: 0.58
A12: 1000 | B12: 167 | C12: 9.37 | D12: 0.58
A13: 1100 | B13: 188 | C13: 10.1 | D13: 0.57
... A24: 2200 | B24: 482 | C24: 18.6 | D24: 0.47
A25: Кузнецов Т.IV С.170

Sheet Пр2
A1: Температура, °С | B1: Кинематическая вязкость, ν*10-6, м2/сек | C1: Температуропроводность, λ*10-2, ккал/(м*ч*оС) | D1: Критерий Прандтля Pr
A2: 0 | B2: 13.2 | C2: 2.09 | D2: 0.7
A3: =AVERAGE(A2,A4) -> 12.5 | B3: =AVERAGE(B2,B4) -> 14.45 | C3: =AVERAGE(C2,C4) -> 2.17125 | D3: =AVERAGE(D2,D4) -> 0.69875
A4: =AVERAGE(A2,A5) -> 25 | B4: =AVERAGE(B2,B5) -> 15.7 | C4: =AVERAGE(C2,C5) -> 2.2525 | D4: =AVERAGE(D2,D5) -> 0.6975
A5: =AVERAGE(A2,A9) -> 50 | B5: =AVERAGE(B2,B9) -> 18.2 | C5: =AVERAGE(C2,C9) -> 2.415 | D5: =AVERAGE(D2,D9) -> 0.695
A6: =AVERAGE(A5,A7) -> 62.5 | B6: =AVERAGE(B5,B7) -> 19.45 | C6: =AVERAGE(C5,C7) -> 2.49625 | D6: =AVERAGE(D5,D7) -> 0.69375
A7: =AVERAGE(A5,A9) -> 75 | B7: =AVERAGE(B5,B9) -> 20.7 | C7: =AVERAGE(C5,C9) -> 2.5775 | D7: =AVERAGE(D5,D9) -> 0.6925
A8: =AVERAGE(A7,A9) -> 87.5 | B8: =AVERAGE(B7,B9) -> 21.95 | C8: =AVERAGE(C7,C9) -> 2.65875 | D8: =AVERAGE(D7,D9) -> 0.69125
A9: 100 | B9: 23.2 | C9: 2.74 | D9: 0.69
A10: 200 | B10: 34.8 | C10: 3.35 | D10: 0.69
A11: 300 | B11: 48.2 | C11: 3.85 | D11: 0.69
A12: 400 | B12: 62.9 | C12: 4.34 | D12: 0.7
A13: 500 | B13: 79.3 | C13: 4.83 | D13: 0.7
A14: 600 | B14: 96.7 | C14: 5.29 | D14: 0.71
A15: 700 | B15: 115 | C15: 5.73 | D15: 0.71
A16: 800 | B16: 135 | C16: 6.14 | D16: 0.72
A17: 900 | B17: 155 | C17: 6.54 | D17: 0.72
A18: 1000 | B18: 177 | C18: 6.92 | D18: 0.72
A19: 1100 | B19: 200 | C19: 7.28 | D19: 0.72
A20: 1200 | B20: 223 | C20: 7.63 | D20: 0.73
... A30: 2200 | B30: 511 | C30: 10.7 | D30: 0.75

Sheet Пр3
A1: Температура t, оС | B1: Давление P, бар | C1: Термодинамическая Т, К | D1: Уд. объём кипящей воды v', м3/кг | E1: Уд. объём насыщенного пара v", м3/кг | F1: Уд. энтальпия кипящей воды h', кДж/кг | G1: Уд. энтальпия насыщенного пара h", кДж/кг | H1: Удельная теплота испарения r, кДж/кг | I1: Уд. энтропия кипящей воды s', кДж/(кг*К) | J1: Уд. энтропия насыщенного пара s", кДж/(кг*К) | K1: Приращение энтропии s"-s', кДж/(кг*К)
A2: 0 | B2: 0.006108 | C2: 273.15 | D2: 0.0010002 | E2: 206.321 | F2: =-0.04 -> -0.04 | G2: 2501 | H2: 2501 | I2: =-0.0002 -> -0.0002 | J2: 9.1565 | K2: 9.1567
A3: 0.01 | B3: 0.006112 | C3: 273.16 | D3: 0.00100022 | E3: 206.175 | F3: 0.000614 | G3: 2501 | H3: 2501 | I3: 0 | J3: 9.1562 | K3: 9.1562
A4: 1 | B4: 0.006566 | C4: 274.15 | D4: 0.0010001 | E4: 192.611 | F4: 4.17 | G4: 2502.8 | H4: 2498.6 | I4: 0.0152 | J4: 9.1298 | K4: 9.1146
A5: 2 | B5: 0.007054 | C5: 275.15 | D5: 0.0010001 | E5: 179.935 | F5: 8.39 | G5: 2504.7 | H5: 2496.3 | I5: 0.0306 | J5: 9.1035 | K5: 9.0729
A6: 3 | B6: 0.007575 | C6: 276.15 | D6: 0.001 | E6: 168.165 | F6: 12.6 | G6: 2506.5 | H6: 2493.9 | I6: 0.0459 | J6: 9.0773 | K6: 9.0314
A7: 4 | B7: 0.008129 | C7: 277.15 | D7: 0.001 | E7: 157.267 | F7: 16.8 | G7: 2508.3 | H7: 2491.5 | I7: 0.0611 | J7: 9.0514 | K7: 8.9903
A8: 5 | B8: 0.008718 | C8: 278.15 | D8: 0.001 | E8: 147.167 | F8: 21.01 | G8: 2510.2 | H8: 2489.2 | I8: 0.0762 | J8: 9.0258 | K8: 8.9496
A9: 6 | B9: 0.009346 | C9: 279.15 | D9: 0.001 | E9: 137.768 | F9: 25.21 | G9: 2512 | H9: 2486.8 | I9: 0.0913 | J9: 9.0003 | K9: 8.909
A10: 7 | B10: 0.010012 | C10: 280.15 | D10: 0.0010001 | E10: 129.061 | F10: 29.41 | G10: 2513.9 | H10: 2484.5 | I10: 0.1063 | J10: 8.9751 | K10: 8.8688
A11: 8 | B11: 0.010721 | C11: 281.15 | D11: 0.0010001 | E11: 120.952 | F11: 33.6 | G11: 2515.7 | H11: 2482.1 | I11: 0.1213 | J11: 8.9501 | K11: 8.8288
A12: 9 | B12: 0.011473 | C12: 282.15 | D12: 0.0010002 | E12: 113.423 | F12: 37.8 | G12: 2517.3 | H12: 2479.7 | I12: 0.1362 | J12: 8.9254 | K12: 8.7892
A13: 10 | B13: 0.012271 | C13: 283.15 | D13: 0.0010003 | E13: 106.419 | F13: 41.99 | G13: 2519.4 | H13: 2477.4 | I13: 0.151 | J13: 8.9009 | K13: 8.7499
A14: 11 | B14: 0.013118 | C14: 284.15 | D14: 0.0010003 | E14: 99.896 | F14: 46.19 | G14: 2521.2 | H14: 2475 | I14: 0.1658 | J14: 8.8766 | K14: 8.7108
... A38: 25 | B38: 0.031663 | C38: 298.15 | D38: 0.0010029 | E38: 43.399 | F38: 104.77 | G38: 2546.8 | H38: 2442 | I38: 0.367 | J38: 8.5583 | K38: 8.1913
A39: 25.5 | B39: 0.032619 | C39: 298.65 | D39: 0.001003 | E39: 42.196 | F39: 106.86 | G39: 2547.7 | H39: 2440.8 | I39: 0.374 | J39: 8.5476 | K39: =Пр3!$J39-Пр3!$I39 -> 8.1736
A40: 26 | B40: 0.0336 | C40: 299.15 | D40: 0.0010032 | E40: 41.031 | F40: 108.95 | G40: 2548.6 | H40: 2439.6 | I40: 0.381 | J40: 8.537 | K40: =Пр3!$J40-Пр3!$I40 -> 8.156
A41: 26.5 | B41: 0.034606 | C41: 299.65 | D41: 0.0010033 | E41: 39.904 | F41: 111.04 | G41: 2549.3 | H41: 2438.5 | I41: 0.388 | J41: 8.5264 | K41: =Пр3!$J41-Пр3!$I41 -> 8.1384
A42: 27 | B42: 0.035639 | C42: 300.15 | D42: 0.0010034 | E42: 38.811 | F42: 113.13 | G42: 2550.4 | H42: 2437.3 | I42: 0.3949 | J42: 8.5159 | K42: =Пр3!$J42-Пр3!$I42 -> 8.121
A43: 27.5 | B43: 0.036698 | C43: 300.65 | D43: 0.0010036 | E43: 37.752 | F43: 115.22 | G43: 2551.4 | H43: 2436.2 | I43: 0.4019 | J43: 8.5064 | K43: 8.1045
A44: 28 | B44: 0.037785 | C44: 301.15 | D44: 0.0010037 | E44: 36.726 | F44: 117.31 | G44: 2552.3 | H44: 2435 | I44: 0.4088 | J44: 8.495 | K44: 8.0862
A45: 28.5 | B45: 0.0389 | C45: 301.65 | D45: 0.0010039 | E45: 35.732 | F45: 119.4 | G45: 2553.2 | H45: 2433.8 | I45: 0.4158 | J45: 8.4846 | K45: 8.0688
A46: 29 | B46: 0.040043 | C46: 302.15 | D46: 0.001004 | E46: 34.768 | F46: 121.48 | G46: 2554.1 | H46: 2432.6 | I46: 0.4227 | J46: 8.4743 | K46: 8.0516
A47: 29.5 | B47: 0.041215 | C47: 302.65 | D47: 0.0010042 | E47: 33.834 | F47: 123.57 | G47: 2555 | H47: 2431.4 | I47: 0.4296 | J47: 8.464 | K47: 8.0344
A48: 30 | B48: 0.042417 | C48: 303.15 | D48: 0.0010043 | E48: 32.929 | F48: 125.66 | G48: 2555.9 | H48: 2430.2 | I48: 0.4365 | J48: 8.4537 | K48: 8.0172
A49: 30.5 | B49: 0.04365 | C49: 303.65 | D49: 0.0010045 | E49: 32.05 | F49: 127.75 | G49: 2556.8 | H49: 2429 | I49: 0.4434 | J49: 8.4435 | K49: 8.0001
A50: 31 | B50: 0.044913 | C50: 304.15 | D50: 0.0010046 | E50: 31.199 | F50: 129.84 | G50: 2557.7 | H50: 2427.9 | I50: 0.4503 | J50: 8.4334 | K50: 7.9831
A51: 31.5 | B51: 0.046208 | C51: 304.65 | D51: 0.0010048 | E51: 30.373 | F51: 131.93 | G51: 2558.6 | H51: 2426.7 | I51: 0.4571 | J51: 8.4233 | K51: 7.9662
A52: 32 | B52: 0.047536 | C52: 305.15 | D52: 0.0010049 | E52: 29.372 | F52: 134.02 | G52: 2559.5 | H52: 2425.5 | I52: 0.464 | J52: 8.4132 | K52: 7.9492
A53: 32.5 | B53: 0.048896 | C53: 305.65 | D53: 0.0010051 | E53: 28.796 | F53: 136.11 | G53: 2560.4 | H53: 2424.3 | I53: 0.4708 | J53: 8.4031 | K53: 7.9323
A54: 33 | B54: 0.05029 | C54: 306.15 | D54: 0.0010053 | E54: 28.042 | F54: 138.2 | G54: 2561.4 | H54: 2423.2 | I54: 0.4777 | J54: 8.3932 | K54: 7.9155
... A398: 374.12 | B398: 221.15 | C398: 647.27 | D398: 0.003147 | E398: 0.003147 | F398: 2095.2 | G398: 2095.2 | H398: 0 | I398: 4.4237 | J398: 4.4237 | K398: 0

Sheet Пр4
A1: Температура, оС | B1: Теплоёмкость Ср, кДж/(кг*К) | C1: Теплопроводность λ, мВт/(м*К) | D1: Динамическая вязкость μ, мкПа*с | E1: Критерий Прандтля Pr
A2: 0 | B2: 1.864 | C2: 17.1 | D2: 9.22 | E2: 1.01
A3: 10 | B3: 1.868 | C3: 17.6 | D3: 9.46 | E3: 1
A4: 20 | B4: 1.874 | C4: 18.2 | D4: 9.73 | E4: 1
A5: 30 | B5: 1.883 | C5: 18.9 | D5: 10.01 | E5: 0.997
A6: 40 | B6: 1.894 | C6: 19.6 | D6: 10.31 | E6: 0.993
A7: 50 | B7: 1.907 | C7: 20.4 | D7: 10.62 | E7: 0.993
A8: 60 | B8: 1.924 | C8: 21.2 | D8: 10.94 | E8: 0.992
A9: 70 | B9: 1.944 | C9: 22.1 | D9: 11.26 | E9: 0.99
A10: 80 | B10: 1.939 | C10: 23 | D10: 11.6 | E10: 0.993
A11: 90 | B11: 1.999 | C11: 24 | D11: 11.93 | E11: 0.994
A12: 100 | B12: 2.034 | C12: 25.1 | D12: 12.28 | E12: 0.995
A13: 110 | B13: 2.075 | C13: 23.2 | D13: 12.62 | E13: 0.999
... A43: 374 | B43: 6198 | C43: 1700 | D43: 39.6 | E43: 144

Sheet Пр5
A1: Температура, оС | B1: Теплоёмкость Ср, кДж/(кг*К) | C1: Теплопроводность λ, мВт/(м*К) | D1: Температурапроводность, мкм2/с | E1: Динамическая вязкость μ, мкПа*с | F1: критерий Прандтля Pr | G1: Поверхностное натяжение σ, мН/м | H1: Кинематическая вязкость, мкм2/с | I1: Удельный объём, м3/кг
A2: 0 | B2: 4.217 | C2: 561 | D2: =Пр5_Физические_свойства_воды[[#This Row],[Теплопроводность λ, мВт/(м*К)]]/Пр5_Физические_свойства_воды[[#This Row],[Теплоёмкость Ср, кДж/(кг*К)]]*Пр3!D2 -> 0.13305957 | E2: 1792 | F2: 13.47 | G2: 75.65 | H2: =Пр5_Физические_свойства_воды[[#This Row],[Динамическая вязкость μ, мкПа*с]]*Пр5_Физические_свойства_воды[[#This Row],[Удельный объём, м3/кг]] -> 1.7923584 | I2: 0.0010002
A3: 10 | B3: 4.193 | C3: 580 | D3: =Пр5_Физические_свойства_воды[[#This Row],[Теплопроводность λ, мВт/(м*К)]]/Пр5_Физические_свойства_воды[[#This Row],[Теплоёмкость Ср, кДж/(кг*К)]]*Пр3!D13 -> 0.13836728 | E3: 1308 | F3: 9.46 | G3: 74.22 | H3: =Пр5_Физические_свойства_воды[[#This Row],[Динамическая вязкость μ, мкПа*с]]*Пр5_Физические_свойства_воды[[#This Row],[Удельный объём, м3/кг]] -> 1.3083924 | I3: 0.0010003
A4: 20 | B4: 4.182 | C4: 598.5 | D4: =Пр5_Физические_свойства_воды[[#This Row],[Теплопроводность λ, мВт/(м*К)]]/Пр5_Физические_свойства_воды[[#This Row],[Теплоёмкость Ср, кДж/(кг*К)]]*Пр3!D28 -> 0.14335664 | E4: 1003 | F4: 7.01 | G4: 72.74 | H4: =Пр5_Физические_свойства_воды[[#This Row],[Динамическая вязкость μ, мкПа*с]]*Пр5_Физические_свойства_воды[[#This Row],[Удельный объём, м3/кг]] -> 1.0047051 | I4: 0.0010017
A5: 30 | B5: 4.179 | C5: 615.5 | D5: =Пр5_Физические_свойства_воды[[#This Row],[Теплопроводность λ, мВт/(м*К)]]/Пр5_Физические_свойства_воды[[#This Row],[Теплоёмкость Ср, кДж/(кг*К)]]*Пр3!D48 -> 0.14791736 | E5: 797.7 | F5: 5.42 | G5: 71.2 | H5: =Пр5_Физические_свойства_воды[[#This Row],[Динамическая вязкость μ, мкПа*с]]*Пр5_Физические_свойства_воды[[#This Row],[Удельный объём, м3/кг]] -> 0.80113011 | I5: 0.0010043
A6: 40 | B6: 4.179 | C6: 630.6 | D6: =Пр5_Физические_свойства_воды[[#This Row],[Теплопроводность λ, мВт/(м*К)]]/Пр5_Физические_свойства_воды[[#This Row],[Теплоёмкость Ср, кДж/(кг*К)]]*Пр3!D63 -> 0.15207434 | E6: 653.1 | F6: 4.33 | G6: 69.6 | H6: =Пр5_Физические_свойства_воды[[#This Row],[Динамическая вязкость μ, мкПа*с]]*Пр5_Физические_свойства_воды[[#This Row],[Удельный объём, м3/кг]] -> 0.65819418 | I6: 0.0010078
A7: 50 | B7: 4.181 | C7: 643.6 | D7: =Пр5_Физические_свойства_воды[[#This Row],[Теплопроводность λ, мВт/(м*К)]]/Пр5_Физические_свойства_воды[[#This Row],[Теплоёмкость Ср, кДж/(кг*К)]]*Пр3!D73 -> 0.15579707 | E7: 547 | F7: 3.55 | G7: 67.95 | H7: =Пр5_Физические_свойства_воды[[#This Row],[Динамическая вязкость μ, мкПа*с]]*Пр5_Физические_свойства_воды[[#This Row],[Удельный объём, м3/кг]] -> 0.5536187 | I7: 0.0010121
A8: 60 | B8: 4.185 | C8: 654.4 | D8: =Пр5_Физические_свойства_воды[[#This Row],[Теплопроводность λ, мВт/(м*К)]]/Пр5_Физические_свойства_воды[[#This Row],[Теплоёмкость Ср, кДж/(кг*К)]]*Пр3!D83 -> 0.15904187 | E8: 466.8 | F8: 2.99 | G8: 66.24 | H8: =Пр5_Физические_свойства_воды[[#This Row],[Динамическая вязкость μ, мкПа*с]]*Пр5_Физические_свойства_воды[[#This Row],[Удельный объём, м3/кг]] -> 0.47478228 | I8: 0.0010171
A9: 70 | B9: 4.19 | C9: 663 | D9: =Пр5_Физические_свойства_воды[[#This Row],[Теплопроводность λ, мВт/(м*К)]]/Пр5_Физические_свойства_воды[[#This Row],[Теплоёмкость Ср, кДж/(кг*К)]]*Пр3!D93 -> 0.16184162 | E9: 404.4 | F9: 2.56 | G9: 64.49 | H9: =Пр5_Физические_свойства_воды[[#This Row],[Динамическая вязкость μ, мкПа*с]]*Пр5_Физические_свойства_воды[[#This Row],[Удельный объём, м3/кг]] -> 0.41362032 | I9: 0.0010228
A10: 80 | B10: 4.197 | C10: 669.8 | D10: =Пр5_Физические_свойства_воды[[#This Row],[Теплопроводность λ, мВт/(м*К)]]/Пр5_Физические_свойства_воды[[#This Row],[Теплоёмкость Ср, кДж/(кг*К)]]*Пр3!D103 -> 0.16425022 | E10: 354.9 | F10: 2.22 | G10: 62.68 | H10: =Пр5_Физические_свойства_воды[[#This Row],[Динамическая вязкость μ, мкПа*с]]*Пр5_Физические_свойства_воды[[#This Row],[Удельный объём, м3/кг]] -> 0.36526308 | I10: 0.0010292
A11: 90 | B11: 4.205 | C11: 675.1 | D11: =Пр5_Физические_свойства_воды[[#This Row],[Теплопроводность λ, мВт/(м*К)]]/Пр5_Физические_свойства_воды[[#This Row],[Теплоёмкость Ср, кДж/(кг*К)]]*Пр3!D113 -> 0.16634271 | E11: 314.9 | F11: 1.93 | G11: 60.82 | H11: =Пр5_Физические_свойства_воды[[#This Row],[Динамическая вязкость μ, мкПа*с]]*Пр5_Физические_свойства_воды[[#This Row],[Удельный объём, м3/кг]] -> 0.32626789 | I11: 0.0010361
A12: 100 | B12: 4.216 | C12: 678.8 | D12: =Пр5_Физические_свойства_воды[[#This Row],[Теплопроводность λ, мВт/(м*К)]]/Пр5_Физические_свойства_воды[[#This Row],[Теплоёмкость Ср, кДж/(кг*К)]]*Пр3!D123 -> 0.16804164 | E12: 282.1 | F12: 1.75 | G12: 58.92 | H12: =Пр5_Физические_свойства_воды[[#This Row],[Динамическая вязкость μ, мкПа*с]]*Пр5_Физические_свойства_воды[[#This Row],[Удельный объём, м3/кг]] -> 0.29442777 | I12: 0.0010437
A13: 110 | B13: 4.229 | C13: 681.3 | D13: =Пр5_Физические_свойства_воды[[#This Row],[Теплопроводность λ, мВт/(м*К)]]/Пр5_Физические_свойства_воды[[#This Row],[Теплоёмкость Ср, кДж/(кг*К)]]*Пр3!D133 -> 0.1694631 | E13: 254.9 | F13: 1.58 | G13: 56.97 | H13: =Пр5_Физические_свойства_воды[[#This Row],[Динамическая вязкость μ, мкПа*с]]*Пр5_Физические_свойства_воды[[#This Row],[Удельный объём, м3/кг]] -> 0.26812931 | I13: 0.0010519
A14: 120 | B14: 4.245 | C14: 683 | D14: =Пр5_Физические_свойства_воды[[#This Row],[Теплопроводность λ, мВт/(м*К)]]/Пр5_Физические_свойства_воды[[#This Row],[Теплоёмкость Ср, кДж/(кг*К)]]*Пр3!D143 -> 0.17064542 | E14: 232.1 | F14: 1.44 | G14: 54.97 | H14: =Пр5_Физические_свойства_воды[[#This Row],[Динамическая вязкость μ, мкПа*с]]*Пр5_Физические_свойства_воды[[#This Row],[Удельный объём, м3/кг]] -> 0.24616526 | I14: 0.0010606
A15: 130 | B15: 4.263 | C15: 683.4 | D15: =Пр5_Физические_свойства_воды[[#This Row],[Теплопроводность λ, мВт/(м*К)]]/Пр5_Физические_свойства_воды[[#This Row],[Теплоёмкость Ср, кДж/(кг*К)]]*Пр3!D153 -> 0.17153132 | E15: 212.7 | F15: 1.33 | G15: 52.94 | H15: =Пр5_Физические_свойства_воды[[#This Row],[Динамическая вязкость μ, мкПа*с]]*Пр5_Физические_свойства_воды[[#This Row],[Удельный объём, м3/кг]] -> 0.227589 | I15: 0.00107
A16: 140 | B16: 4.285 | C16: 682.9 | D16: =Пр5_Физические_свойства_воды[[#This Row],[Теплопроводность λ, мВт/(м*К)]]/Пр5_Физические_свойства_воды[[#This Row],[Теплоёмкость Ср, кДж/(кг*К)]]*Пр3!D163 -> 0.17213542 | E16: 196.1 | F16: 1.23 | G16: 50.86 | H16: =Пр5_Физические_свойства_воды[[#This Row],[Динамическая вязкость μ, мкПа*с]]*Пр5_Физические_свойства_воды[[#This Row],[Удельный объём, м3/кг]] -> 0.21180761 | I16: 0.0010801
A17: 150 | B17: 4.31 | C17: 681.7 | D17: =Пр5_Физические_свойства_воды[[#This Row],[Теплопроводность λ, мВт/(м*К)]]/Пр5_Физические_свойства_воды[[#This Row],[Теплоёмкость Ср, кДж/(кг*К)]]*Пр3!D173 -> 0.17252862 | E17: 181.9 | F17: 1.15 | G17: 48.75 | H17: =Пр5_Физические_свойства_воды[[#This Row],[Динамическая вязкость μ, мкПа*с]]*Пр5_Физические_свойства_воды[[#This Row],[Удельный объём, м3/кг]] -> 0.19841652 | I17: 0.0010908
A18: 160 | B18: 4.339 | C18: 679.7 | D18: =Пр5_Физические_свойства_воды[[#This Row],[Теплопроводность λ, мВт/(м*К)]]/Пр5_Физические_свойства_воды[[#This Row],[Теплоёмкость Ср, кДж/(кг*К)]]*Пр3!D183 -> 0.17265853 | E18: 169.6 | F18: 1.08 | G18: 46.6 | H18: =Пр5_Физические_свойства_воды[[#This Row],[Динамическая вязкость μ, мкПа*с]]*Пр5_Физические_свойства_воды[[#This Row],[Удельный объём, м3/кг]] -> 0.18693312 | I18: 0.0011022
A19: 170 | B19: 4.371 | C19: 676.8 | D19: =Пр5_Физические_свойства_воды[[#This Row],[Теплопроводность λ, мВт/(м*К)]]/Пр5_Физические_свойства_воды[[#This Row],[Теплоёмкость Ср, кДж/(кг*К)]]*Пр3!D193 -> 0.17256774 | E19: 158.8 | F19: 1.03 | G19: 44.41 | H19: =Пр5_Физические_свойства_воды[[#This Row],[Динамическая вязкость μ, мкПа*с]]*Пр5_Физические_свойства_воды[[#This Row],[Удельный объём, м3/кг]] -> 0.1769826 | I19: 0.0011145
A20: 180 | B20: 4.408 | C20: 673.2 | D20: =Пр5_Физические_свойства_воды[[#This Row],[Теплопроводность λ, мВт/(м*К)]]/Пр5_Физические_свойства_воды[[#This Row],[Теплоёмкость Ср, кДж/(кг*К)]]*Пр3!D203 -> 0.17219442 | E20: 149.4 | F20: 0.978 | G20: 42.2 | H20: =Пр5_Физические_свойства_воды[[#This Row],[Динамическая вязкость μ, мкПа*с]]*Пр5_Физические_свойства_воды[[#This Row],[Удельный объём, м3/кг]] -> 0.1684485 | I20: 0.0011275
A21: 190 | B21: 4.449 | C21: 668.7 | D21: =Пр5_Физические_свойства_воды[[#This Row],[Теплопроводность λ, мВт/(м*К)]]/Пр5_Физические_свойства_воды[[#This Row],[Теплоёмкость Ср, кДж/(кг*К)]]*Пр3!D213 -> 0.17157138 | E21: 141 | F21: 0.938 | G21: 39.95 | H21: =Пр5_Физические_свойства_воды[[#This Row],[Динамическая вязкость μ, мкПа*с]]*Пр5_Физические_свойства_воды[[#This Row],[Удельный объём, м3/кг]] -> 0.1609515 | I21: 0.0011415
A22: 200 | B22: 4.497 | C22: 663.3 | D22: =Пр5_Физические_свойства_воды[[#This Row],[Теплопроводность λ, мВт/(м*К)]]/Пр5_Физические_свойства_воды[[#This Row],[Теплоёмкость Ср, кДж/(кг*К)]]*Пр3!D223 -> 0.17058182 | E22: 133.6 | F22: 0.906 | G22: 37.68 | H22: =Пр5_Физические_свойства_воды[[#This Row],[Динамическая вязкость μ, мкПа*с]]*Пр5_Физические_свойства_воды[[#This Row],[Удельный объём, м3/кг]] -> 0.1545084 | I22: 0.0011565
A23: 210 | B23: 4.551 | C23: 657.1 | D23: =Пр5_Физические_свойства_воды[[#This Row],[Теплопроводность λ, мВт/(м*К)]]/Пр5_Физические_свойства_воды[[#This Row],[Теплоёмкость Ср, кДж/(кг*К)]]*Пр3!D233 -> 0.16930685 | E23: 127 | F23: 0.88 | G23: 35.39 | H23: =Пр5_Физические_свойства_воды[[#This Row],[Динамическая вязкость μ, мкПа*с]]*Пр5_Физические_свойства_воды[[#This Row],[Удельный объём, м3/кг]] -> 0.1489202 | I23: 0.0011726
A24: 220 | B24: 4.614 | C24: 649.8 | D24: =Пр5_Физические_свойства_воды[[#This Row],[Теплопроводность λ, мВт/(м*К)]]/Пр5_Физические_свойства_воды[[#This Row],[Теплоёмкость Ср, кДж/(кг*К)]]*Пр3!D243 -> 0.16759038 | E24: 121 | F24: 0.859 | G24: 33.8 | H24: =Пр5_Физические_свойства_воды[[#This Row],[Динамическая вязкость μ, мкПа*с]]*Пр5_Физические_свойства_воды[[#This Row],[Удельный объём, м3/кг]] -> 0.14399 | I24: 0.00119
A25: 230 | B25: 4.686 | C25: 641.5 | D25: =Пр5_Физические_свойства_воды[[#This Row],[Теплопроводность λ, мВт/(м*К)]]/Пр5_Физические_свойства_воды[[#This Row],[Теплоёмкость Ср, кДж/(кг*К)]]*Пр3!D253 -> 0.16546757 | E25: 115.5 | F25: 0.844 | G25: 30.75 | H25: =Пр5_Физические_свойства_воды[[#This Row],[Динамическая вязкость μ, мкПа*с]]*Пр5_Физические_свойства_воды[[#This Row],[Удельный объём, м3/кг]] -> 0.13960485 | I25: 0.0012087
A26: 240 | B26: 4.77 | C26: 632.1 | D26: =Пр5_Физические_свойства_воды[[#This Row],[Теплопроводность λ, мВт/(м*К)]]/Пр5_Физические_свойства_воды[[#This Row],[Теплоёмкость Ср, кДж/(кг*К)]]*Пр3!D263 -> 0.16287508 | E26: 110.5 | F26: 0.834 | G26: 28.4 | H26: =Пр5_Физические_свойства_воды[[#This Row],[Динамическая вязкость μ, мкПа*с]]*Пр5_Физические_свойства_воды[[#This Row],[Удельный объём, м3/кг]] -> 0.13581555 | I26: 0.0012291
A27: 250 | B27: 4.869 | C27: 621.5 | D27: =Пр5_Физические_свойства_воды[[#This Row],[Теплопроводность λ, мВт/(м*К)]]/Пр5_Физические_свойства_воды[[#This Row],[Теплоёмкость Ср, кДж/(кг*К)]]*Пр3!D273 -> 0.15972129 | E27: 105.8 | F27: 0.829 | G27: 26.5 | H27: =Пр5_Физические_свойства_воды[[#This Row],[Динамическая вязкость μ, мкПа*с]]*Пр5_Физические_свойства_воды[[#This Row],[Удельный объём, м3/кг]] -> 0.13238754 | I27: 0.0012513
A28: 260 | B28: 4.986 | C28: 609.6 | D28: =Пр5_Физические_свойства_воды[[#This Row],[Теплопроводность λ, мВт/(м*К)]]/Пр5_Физические_свойства_воды[[#This Row],[Теплоёмкость Ср, кДж/(кг*К)]]*Пр3!D283 -> 0.15595783 | E28: 101.5 | F28: 0.83 | G28: 23.7 | H28: =Пр5_Физические_свойства_воды[[#This Row],[Динамическая вязкость μ, мкПа*с]]*Пр5_Физические_свойства_воды[[#This Row],[Удельный объём, м3/кг]] -> 0.1294734 | I28: 0.0012756
A29: 270 | B29: 5.13 | C29: 595.2 | D29: =Пр5_Физические_свойства_воды[[#This Row],[Теплопроводность λ, мВт/(м*К)]]/Пр5_Физические_свойства_воды[[#This Row],[Теплоёмкость Ср, кДж/(кг*К)]]*Пр3!D293 -> 0.15112047 | E29: 97.36 | F29: 0.838 | G29: 21.35 | H29: =Пр5_Физические_свойства_воды[[#This Row],[Динамическая вязкость μ, мкПа*с]]*Пр5_Физические_свойства_воды[[#This Row],[Удельный объём, м3/кг]] -> 0.1268114 | I29: 0.0013025
A30: 280 | B30: 5.3 | C30: 581.4 | D30: =Пр5_Физические_свойства_воды[[#This Row],[Теплопроводность λ, мВт/(м*К)]]/Пр5_Физические_свойства_воды[[#This Row],[Теплоёмкость Ср, кДж/(кг*К)]]*Пр3!D303 -> 0.14616177 | E30: 93.41 | F30: 0.852 | G30: 19 | H30: =Пр5_Физические_свойства_воды[[#This Row],[Динамическая вязкость μ, мкПа*с]]*Пр5_Физические_свойства_воды[[#This Row],[Удельный объём, м3/кг]] -> 0.12445948 | I30: 0.0013324
A31: 290 | B31: 5.51 | C31: 565.2 | D31: =Пр5_Физические_свойства_воды[[#This Row],[Теплопроводность λ, мВт/(м*К)]]/Пр5_Физические_свойства_воды[[#This Row],[Теплоёмкость Ср, кДж/(кг*К)]]*Пр3!D313 -> 0.14011011 | E31: 89.58 | F31: 0.873 | G31: 16.68 | H31: =Пр5_Физические_свойства_воды[[#This Row],[Динамическая вязкость μ, мкПа*с]]*Пр5_Физические_свойства_воды[[#This Row],[Удельный объём, м3/кг]] -> 0.12235732 | I31: 0.0013659
A32: 300 | B32: 5.77 | C32: 547.5 | D32: =Пр5_Физические_свойства_воды[[#This Row],[Теплопроводность λ, мВт/(м*К)]]/Пр5_Физические_свойства_воды[[#This Row],[Теплоёмкость Ср, кДж/(кг*К)]]*Пр3!D323 -> 0.13323133 | E32: 85.81 | F32: 0.904 | G32: 14.37 | H32: =Пр5_Физические_свойства_воды[[#This Row],[Динамическая вязкость μ, мкПа*с]]*Пр5_Физические_свойства_воды[[#This Row],[Удельный объём, м3/кг]] -> 0.12048582 | I32: 0.0014041
A33: 310 | B33: 6.12 | C33: 528.7 | D33: =Пр5_Физические_свойства_воды[[#This Row],[Теплопроводность λ, мВт/(м*К)]]/Пр5_Физические_свойства_воды[[#This Row],[Теплоёмкость Ср, кДж/(кг*К)]]*Пр3!D333 -> 0.12509111 | E33: 82.06 | F33: 0.95 | G33: 12.1 | H33: =Пр5_Физические_свойства_воды[[#This Row],[Динамическая вязкость μ, мкПа*с]]*Пр5_Физические_свойства_воды[[#This Row],[Удельный объём, м3/кг]] -> 0.11882288 | I33: 0.001448
A34: 320 | B34: 6.59 | C34: 509.1 | D34: =Пр5_Физические_свойства_воды[[#This Row],[Теплопроводность λ, мВт/(м*К)]]/Пр5_Физические_свойства_воды[[#This Row],[Теплоёмкость Ср, кДж/(кг*К)]]*Пр3!D343 -> 0.11584149 | E34: 78.27 | F34: 1.01 | G34: 9.88 | H34: =Пр5_Физические_свойства_воды[[#This Row],[Динамическая вязкость μ, мкПа*с]]*Пр5_Физические_свойства_воды[[#This Row],[Удельный объём, м3/кг]] -> 0.11736586 | I34: 0.0014995
A35: 330 | B35: 7.25 | C35: 489 | D35: =Пр5_Физические_свойства_воды[[#This Row],[Теплопроводность λ, мВт/(м*К)]]/Пр5_Физические_свойства_воды[[#This Row],[Теплоёмкость Ср, кДж/(кг*К)]]*Пр3!D353 -> 0.10531374 | E35: 74.37 | F35: 1.1 | G35: 7.71 | H35: =Пр5_Физические_свойства_воды[[#This Row],[Динамическая вязкость μ, мкПа*с]]*Пр5_Физические_свойства_воды[[#This Row],[Удельный объём, м3/кг]] -> 0.11612132 | I35: 0.0015614
A36: 340 | B36: 8.27 | C36: 468.6 | D36: =Пр5_Физические_свойства_воды[[#This Row],[Теплопроводность λ, мВт/(м*К)]]/Пр5_Физические_свойства_воды[[#This Row],[Теплоёмкость Ср, кДж/(кг*К)]]*Пр3!D363 -> 0.09287006 | E36: 70.21 | F36: 1.24 | G36: 4.64 | H36: =Пр5_Физические_свойства_воды[[#This Row],[Динамическая вязкость μ, мкПа*с]]*Пр5_Физические_свойства_воды[[#This Row],[Удельный объём, м3/кг]] -> 0.11507419 | I36: 0.001639
A37: 350 | B37: 10.08 | C37: 445 | D37: =Пр5_Физические_свойства_воды[[#This Row],[Теплопроводность λ, мВт/(м*К)]]/Пр5_Физические_свойства_воды[[#This Row],[Теплоёмкость Ср, кДж/(кг*К)]]*Пр3!D373 -> 0.076846379 | E37: 65.68 | F37: 1.49 | G37: 3.68 | H37: =Пр5_Физические_свойства_воды[[#This Row],[Динамическая вязкость μ, мкПа*с]]*Пр5_Физические_свойства_воды[[#This Row],[Удельный объём, м3/кг]] -> 0.11432918 | I37: 0.0017407
A38: 360 | B38: 14.99 | C38: 423.1 | D38: =Пр5_Физические_свойства_воды[[#This Row],[Теплопроводность λ, мВт/(м*К)]]/Пр5_Физические_свойства_воды[[#This Row],[Теплоёмкость Ср, кДж/(кг*К)]]*Пр3!D383 -> 0.053430841 | E38: 60.21 | F38: 2.13 | G38: 1.89 | H38: =Пр5_Физические_свойства_воды[[#This Row],[Динамическая вязкость μ, мкПа*с]]*Пр5_Физические_свойства_воды[[#This Row],[Удельный объём, м3/кг]] -> 0.11397753 | I38: 0.001893
A39: 370 | B39: 53.9 | C39: 424 | D39: =Пр5_Физические_свойства_воды[[#This Row],[Теплопроводность λ, мВт/(м*К)]]/Пр5_Физические_свойства_воды[[#This Row],[Теплоёмкость Ср, кДж/(кг*К)]]*Пр3!D393 -> 0.017549981 | E39: 51.43 | F39: 6.54 | G39: 0.396 | H39: =Пр5_Физические_свойства_воды[[#This Row],[Динамическая вязкость μ, мкПа*с]]*Пр5_Физические_свойства_воды[[#This Row],[Удельный объём, м3/кг]] -> 0.11474033 | I39: 0.002231
A40: 371 | B40: 72.5 | C40: 436 | D40: =Пр5_Физические_свойства_воды[[#This Row],[Теплопроводность λ, мВт/(м*К)]]/Пр5_Физические_свойства_воды[[#This Row],[Теплоёмкость Ср, кДж/(кг*К)]]*Пр3!D394 -> 0.013819697 | E40: 50.07 | F40: 8.33 | G40: 0.28 | H40: =Пр5_Физические_свойства_воды[[#This Row],[Динамическая вязкость μ, мкПа*с]]*Пр5_Физические_свойства_воды[[#This Row],[Удельный объём, м3/кг]] -> 0.11506086 | I40: 0.002298
A41: 372 | B41: 126 | C41: 474 | D41: =Пр5_Физические_свойства_воды[[#This Row],[Теплопроводность λ, мВт/(м*К)]]/Пр5_Физические_свойства_воды[[#This Row],[Теплоёмкость Ср, кДж/(кг*К)]]*Пр3!D395 -> 0.0089984762 | E41: 48.6 | F41: 12.9 | G41: 0.176 | H41: =Пр5_Физические_свойства_воды[[#This Row],[Динамическая вязкость μ, мкПа*с]]*Пр5_Физические_свойства_воды[[#This Row],[Удельный объём, м3/кг]] -> 0.1162512 | I41: 0.002392
A42: 373 | B42: 239.6 | C42: 538 | D42: =Пр5_Физические_свойства_воды[[#This Row],[Теплопроводность λ, мВт/(м*К)]]/Пр5_Физические_свойства_воды[[#This Row],[Теплоёмкость Ср, кДж/(кг*К)]]*Пр3!D396 -> 0.0056696578 | E42: 46.8 | F42: 20.8 | G42: 0.07 | H42: =Пр5_Физические_свойства_воды[[#This Row],[Динамическая вязкость μ, мкПа*с]]*Пр5_Физические_свойства_воды[[#This Row],[Удельный объём, м3/кг]] -> 0.11817 | I42: 0.002525
A43: 374 | B43: 3087 | C43: 1225 | D43: =Пр5_Физические_свойства_воды[[#This Row],[Теплопроводность λ, мВт/(м*К)]]/Пр5_Физические_свойства_воды[[#This Row],[Теплоёмкость Ср, кДж/(кг*К)]]*Пр3!D397 -> 0.0011246032 | E43: 46.9 | F43: 118 | G43: 0 | H43: =Пр5_Физические_свойства_воды[[#This Row],[Динамическая вязкость μ, мкПа*с]]*Пр5_Физические_свойства_воды[[#This Row],[Удельный объём, м3/кг]] -> 0.1329146 | I43: 0.002834

Sheet Пр6
A1: Температура, 0С | B1: СО2, кДж/(м3*оС) | C1: H2O, кДж/(м3*оС) | D1: Воздух, кДж/(м3*оС) | E1: N2, кДж/(м3*оС) | F1: О2, кДж/(м3*оС) | G1: Н2, кДж/(м3*оС) | H1: СО, кДж/(м3*оС) | I1: SO2, кДж/(м3*оС) | J1: CH4, кДж/(м3*оС) | K1: C2H6, кДж/(м3*оС) | L1: Прод.сгор., кДж/(м3*оС)
A2: 0 | B2: 1.61 | C2: 1.48 | D2: 1.29 | E2: 1.29 | F2: 1.3 | G2: 1.27 | H2: 1.295 | I2: 1.73 | J2: 1.54 | K2: 1.87 | L2: 1.423
A3: 25 | B3: 1.64 | C3: 1.4825 | D3: 1.29125 | E3: 1.29125 | F3: 1.3025 | G3: 1.275 | H3: 1.29625 | I3: 1.7525 | J3: 1.5575 | K3: 1.9275 | L3: 1.423
A4: 50 | B4: 1.67 | C4: 1.485 | D4: 1.2925 | E4: 1.2925 | F4: 1.305 | G4: 1.28 | H4: 1.2975 | I4: 1.775 | J4: 1.575 | K4: 1.985 | L4: 1.423
A5: 75 | B5: 1.7 | C5: 1.4875 | D5: 1.29375 | E5: 1.29375 | F5: 1.3075 | G5: 1.285 | H5: 1.29875 | I5: 1.7975 | J5: 1.5925 | K5: 2.0425 | L5: 1.423
A6: 100 | B6: 1.73 | C6: 1.49 | D6: 1.295 | E6: 1.295 | F6: 1.31 | G6: 1.29 | H6: 1.3 | I6: 1.82 | J6: 1.61 | K6: 2.1 | L6: 1.423
A7: 125 | B7: 1.7475 | C7: 1.495 | D7: 1.29875 | E7: 1.29625 | F7: 1.315 | G7: 1.29125 | H7: 1.3025 | I7: 1.8325 | J7: 1.6425 | K7: 2.155 | L7: 1.423
A8: 150 | B8: 1.765 | C8: 1.5 | D8: 1.3025 | E8: 1.2975 | F8: 1.32 | G8: 1.2925 | H8: 1.305 | I8: 1.845 | J8: 1.675 | K8: 2.21 | L8: 1.423
A9: 175 | B9: 1.7825 | C9: 1.505 | D9: 1.30625 | E9: 1.29875 | F9: 1.325 | G9: 1.29375 | H9: 1.3075 | I9: 1.8575 | J9: 1.7075 | K9: 2.265 | L9: 1.423
A10: 200 | B10: 1.8 | C10: 1.51 | D10: 1.31 | E10: 1.3 | F10: 1.33 | G10: 1.295 | H10: 1.31 | I10: 1.87 | J10: 1.74 | K10: 2.32 | L10: 1.423
A11: 250 | B11: 1.835 | C11: 1.525 | D11: 1.315 | E11: 1.305 | F11: 1.34 | G11: 1.2975 | H11: 1.3125 | I11: 1.915 | J11: 1.81 | K11: 2.42 | L11: 1.43225
A12: 300 | B12: 1.87 | C12: 1.54 | D12: 1.32 | E12: 1.31 | F12: 1.35 | G12: 1.3 | H12: 1.315 | I12: 1.96 | J12: 1.88 | K12: 2.52 | L12: 1.4415
A13: 350 | B13: 1.905 | C13: 1.55 | D13: 1.325 | E13: 1.315 | F13: 1.36 | G13: 1.3 | H13: 1.3225 | I13: 1.98 | J13: 1.94 | K13: 2.62 | L13: 1.45075
... A74: 1000 | B74: 2.21 | C74: 1.71 | D74: 1.41 | E74: 1.39 | F74: 1.45 | G74: 1.34 | H74: 1.39 | I74: 2.26 | J74: 2.64 | K74: 3.53 | L74: 1.545
A75: 1010 | B75: 2.214 | C75: 1.713 | D75: 1.411 | E75: 1.391 | F75: 1.451 | G75: 1.3405 | H75: 1.391 | I75: 2.263 | J75: — | K75: — | L75: 1.5461
A76: 1020 | B76: 2.218 | C76: 1.716 | D76: 1.412 | E76: 1.392 | F76: 1.452 | G76: 1.341 | H76: 1.392 | I76: 2.266 | J76: — | K76: — | L76: 1.5472
A77: 1030 | B77: 2.222 | C77: 1.719 | D77: 1.413 | E77: 1.393 | F77: 1.453 | G77: 1.3415 | H77: 1.393 | I77: 2.269 | J77: — | K77: — | L77: 1.5483
A78: 1040 | B78: 2.226 | C78: 1.722 | D78: 1.414 | E78: 1.394 | F78: 1.454 | G78: 1.342 | H78: 1.394 | I78: 2.272 | J78: — | K78: — | L78: 1.5494
A79: 1050 | B79: 2.23 | C79: 1.725 | D79: 1.415 | E79: 1.395 | F79: 1.455 | G79: 1.3425 | H79: 1.395 | I79: 2.275 | J79: — | K79: — | L79: 1.5505
A80: 1060 | B80: 2.234 | C80: 1.728 | D80: 1.416 | E80: 1.396 | F80: 1.456 | G80: 1.343 | H80: 1.396 | I80: 2.278 | J80: — | K80: — | L80: 1.5516
A81: 1070 | B81: 2.238 | C81: 1.731 | D81: 1.417 | E81: 1.397 | F81: 1.457 | G81: 1.3435 | H81: 1.397 | I81: 2.281 | J81: — | K81: — | L81: 1.5527
A82: 1080 | B82: 2.242 | C82: 1.734 | D82: 1.418 | E82: 1.398 | F82: 1.458 | G82: 1.344 | H82: 1.398 | I82: 2.284 | J82: — | K82: — | L82: 1.5538
A83: 1090 | B83: 2.246 | C83: 1.737 | D83: 1.419 | E83: 1.399 | F83: 1.459 | G83: 1.3445 | H83: 1.399 | I83: 2.287 | J83: — | K83: — | L83: 1.5549
A84: 1100 | B84: 2.25 | C84: 1.74 | D84: 1.42 | E84: 1.4 | F84: 1.46 | G84: 1.345 | H84: 1.4 | I84: 2.29 | J84: — | K84: — | L84: 1.556
A85: 1110 | B85: 2.252 | C85: 1.742 | D85: 1.421 | E85: 1.401 | F85: 1.461 | G85: 1.3455 | H85: 1.402 | I85: 2.2905 | J85: — | K85: — | L85: 1.5571
A86: 1120 | B86: 2.254 | C86: 1.744 | D86: 1.422 | E86: 1.402 | F86: 1.462 | G86: 1.346 | H86: 1.404 | I86: 2.291 | J86: — | K86: — | L86: 1.5582
... A116: 1600 | B116: 2.36 | C116: 1.815 | D116: 1.47 | E116: 1.45 | F116: 1.55 | G116: 1.37 | H116: 1.47 | I116: 2.32 | J116: — | K116: — | L116: 1.618
A117: 1700 | B117: 2.38 | C117: 1.83 | D117: 1.475 | E117: 1.46 | F117: 1.51 | G117: 1.375 | H117: 1.475 | I117: 2.325 | J117: — | K117: —
A118: 1800 | B118: 2.395 | C118: 1.875 | D118: 1.4825 | E118: 1.47 | F118: 1.52 | G118: 1.38 | H118: 1.4825 | I118: 2.33 | J118: — | K118: —
A119: 1900 | B119: 2.41 | C119: 1.92 | D119: 1.49 | E119: 1.48 | F119: 1.53 | G119: 1.385 | H119: 1.49 | I119: 2.335 | J119: — | K119: —
A120: 2000 | B120: 2.42 | C120: 1.935 | D120: 1.5 | E120: 1.49 | F120: 1.54 | G120: 1.3905 | H120: 1.5 | I120: 2.3725 | J120: — | K120: —
A121: 2100 | B121: 2.43 | C121: 1.95 | D121: 1.51 | E121: 1.5 | F121: 1.55 | G121: 1.396 | H121: 1.51 | I121: 2.41 | J121: — | K121: —
A122: 2200 | B122: 2.44 | C122: 1.97 | D122: 1.515 | E122: 1.5075 | F122: 1.5575 | G122: 1.4005 | H122: 1.515 | I122: 2.415 | J122: — | K122: —
A123: 2300 | B123: 2.45 | C123: 1.99 | D123: 1.52 | E123: 1.515 | F123: 1.565 | G123: 1.405 | H123: 1.52 | I123: 2.42 | J123: — | K123: —

Sheet Пр7
A1: Агрегаты или процесс | B1: Расход газов, мин, м3/ч | C1: Расход газов, макс, м3/ч | D1: CO2 мин | E1: CO2 макс | F1: CO мин | G1: CO макс | H1: SO2 мин | I1: SO2 макс | J1: SO3 мин | K1: SO3 макс | L1: H2 мин | M1: H2 макс | N1: H2O мин | O1: H2O макс | P1: O2 мин | Q1: O2 макс | R1: N2 мин | S1: N2 макс | T1: Температура газов, мин, оС | U1: Температура газов, макс, оС | V1: Запыленность, мин, μун., г/м3 | W1: Запыленность, макс, μун., г/м3 | X1: Фракционный состав, мин, dун., мкм | Y1: Фракционный состав, макс, dун., мкм | Z1: Фракционный состав мин, % | AA1: Фракционный состав макс, % | AB1: Агрегатное состояние | AC1: Коэффициент загрязнения ε, м2*К/Вт | AD1: Теплоёмкость технологического уноса | AE1: 600 | AF1: 800 | AG1: 1000 | AH1: 1200 | AI1: 1400 | AJ1: 1600 | AK1: 1800 | AL1: 2000
AE2: 600 | AF2: 800 | AG2: 1000 | AH2: 1200 | AI2: 1400 | AJ2: 1600 | AK2: 1800 | AL2: 2000
A3: Обжиг кольчедана в кипящем слое | B3: 12000 | C3: 16000 | D3: - | E3: - | F3: - | G3: - | H3: 0 | I3: 0.1 | J3: 0.001 | K3: 0.002 | N3: 0.05 | O3: 0.08 | P3: 0.03 | Q3: 0.04 | R3: 0.75 | S3: 0.78 | V3: 100 | W3: 150 | X3: 50 | Y3: 100 | Z3: 1 | AA3: 1 | AB3: Твердое | AC3: 0.02 | AE3: 0.87 | AF3: 0.93 | AG3: 1 | AH3: 1.04 | AI3: 1.08
A4: Шахтная медная пиритная плавка | B4: 40000 | C4: 80000 | D4: 0.06 | E4: 0.12 | F4: - | G4: - | H4: 0.02 | I4: 0.05 | J4: - | K4: - | L4: - | M4: - | N4: 0.05 | O4: 0.06 | P4: 0.08 | Q4: 0.1 | R4: 0.74 | S4: 0.76 | T4: 875 | U4: 975 | V4: 1 | W4: 12
A5: Отражательная медная плавка | B5: 80000 | C5: 120000 | D5: 0.13 | E5: 0.16 | F5: 0 | G5: 0.01 | H5: 0.005 | I5: 0.02 | J5: - | K5: - | L5: - | M5: - | N5: 0.08 | O5: 0.17 | P5: 0.005 | Q5: 0.03 | R5: 0.7 | S5: 0.75 | T5: 1475 | U5: 1575 | V5: 20 | W5: 30 | X5: 100 | Y5: 100 | Z5: 0.3 | AA5: 0.4 | AB5: Жидкое, твердое, парообразное | AC5: 0.02
A6: Кислородно-взвешенная медная плавка | B6: 12000 | C6: 15000 | D6: - | E6: - | F6: - | G6: - | H6: 0.75 | I6: 0.85 | J6: 0.01 | K6: 0.02 | L6: - | M6: - | N6: - | O6: - | P6: 0.03 | Q6: 0.05 | R6: 0.1 | S6: 0.2 | T6: 1475 | U6: 1675 | V6: 200 | W6: 250 | X6: 5 | Y6: 5 | Z6: 1 | AA6: 1 | AB6: Жидкое, парообразное | AC6: 0.03
A7: Конвертеры медных штейнов | B7: 20000 | C7: 40000 | D7: - | E7: - | F7: - | G7: - | H7: 0.1 | I7: 0.18 | J7: 0.001 | K7: 0.002 | L7: - | M7: - | N7: 0 | O7: 0.014 | P7: 0.003 | Q7: 0.07 | R7: 0.8 | S7: 0.85 | T7: 725 | U7: 875 | V7: 3 | W7: 3.5 | AE7: 0.74 | AF7: 0.82 | AG7: 0.88 | AH7: 0.95 | AI7: 1.01
A8: Огневое рафинирование меди | B8: 8000 | C8: 15000 | D8: 0.11 | E8: 0.13 | F8: 0 | G8: 0.005 | H8: 0 | I8: 0.001 | J8: - | K8: - | L8: - | M8: - | N8: 0.08 | O8: 0.1 | P8: 0 | Q8: 0.03 | R8: 0.74 | S8: 0.76 | T8: 1450 | U8: 1475 | V8: 1 | W8: 2
A9: Шахтная никелевая плавка | B9: 60000 | C9: 80000 | D9: 0.09 | E9: 0.19 | F9: 0.05 | G9: 0.21 | H9: 0.001 | I9: 0.002 | J9: - | K9: - | L9: - | M9: - | N9: 0.01 | O9: 0.02 | P9: 0.005 | Q9: 0.08 | R9: 0.7 | S9: 0.75 | T9: 425 | U9: 1025 | V9: 1 | W9: 9.5
A10: Шахтная свинцовая плавка | B10: 12000 | C10: 20000 | D10: 0.1 | E10: 0.13 | F10: 0.015 | G10: 0.2 | H10: 0.001 | I10: 0.002 | J10: - | K10: - | L10: - | M10: - | N10: 0.01 | O10: 0.02 | P10: 0.01 | Q10: 0.1 | R10: 0.7 | S10: 0.75 | T10: 375 | U10: 875 | V10: 1 | W10: 9.5
A11: Шлаковозгоночные печи (Фьюмингование шлаков) | B11: 40000 | C11: 50000 | D11: 0.12 | E11: 0.14 | F11: 0 | G11: 0.12 | H11: 0.0005 | I11: 0.003 | J11: - | K11: - | L11: - | M11: - | N11: 0.06 | O11: 0.1 | P11: 0 | Q11: 0.03 | R11: 0.65 | S11: 0.75 | T11: 1425 | U11: 1525 | V11: 100 | W11: 150 | X11: 5 | Y11: 5 | Z11: 1 | AA11: 1 | AB11: Жидкое, парообразное | AC11: 0.025
A12: Дугосталеплавильные печи 100-150 т | B12: 170000 | C12: 250000 | D12: 0.1 | E12: 0.2 | F12: 0.4 | G12: 0.6 | H12: 0 | I12: 0 | J12: 0 | K12: 0 | L12: 0.02 | M12: 0.03 | R12: 0.2 | S12: 0.4 | T12: 1000 | U12: 1600
A13: Кислородные сталеплавильные конвертеры | V13: 120 | W13: 150 | X13: 5 | Y13: 5 | Z13: 0.8 | AA13: 0.9 | AB13: Жидкое | AC13: 0.01 | AH13: 0.87 | AI13: 1.04 | AJ13: 1.23 | AK13: 1.39 | AL13: 1.52
A14: Другие ЭТА

Sheet Пр8
A1: Расположение зоны
A2: Горизонтальное
A3: Вертикальное
A4: Диагональное

Sheet Пр9
A1: Толщина пылевых отложений,_мм
A2: 1
A3: 2
A4: 3
A5: 4
A6: 5
A7: 6
A8: 7
A9: 8

Sheet Пр10
A1: Коэффициент загрязнения
A2: 0.001
A3: 0.002
A4: 0.003
A5: 0.004
A6: 0.005
A7: 0.006
A8: 0.007
A9: 0.008

Sheet Пр11
A1: Температура ограждений,_оС
A2: 40
A3: 50
A4: 60
A5: 70
A6: 80
A7: 90
A8: 100
A9: 110
A10: 120

Sheet Пр12
A1: Зоны охлаждения
A2: Аптейк
A3: Воротник
A4: Радиационная шахта
A5: Конвективная шахта
A6: Газоохладитель с ширмой
A7: Газоохладитель без ширмы
A8: Холодная воронка 1
A9: Холодная воронка 2
A10: Переход
A11: Адиабатический охладитель

Sheet Пр13
A1: Столбец1 | B1: Молярная масса | C1: Удельный объём | D1: Показатель адиабаты при 0 оС | E1: Показатель адиабаты при 1200 оС | F1: Динамическая вязкость при 0 оС | G1: Динамическая вязкость при 400 оС | H1: Динамическая вязкость при 600 оС | I1: Динамическая вязкость при 1000 оС | J1: Теплопроводность, при 0 оС | K1: Теплопроводность, при 127 оС | L1: Теплопроводность, при 327 оС | M1: Теплопроводность, при 527 оС | N1: Теплопроводность, при 927 оС | O1: Теплопроводность, при 1127 оС
B2: кг/моль | C2: м3/кг | D2: k | E2: k | F2: Па*с | G2: Па*с | H2: Па*с | I2: Па*с | J2: Вт/(м*оС) | K2: Вт/(м*оС) | L2: Вт/(м*оС) | M2: Вт/(м*оС) | N2: Вт/(м*оС) | O2: Вт/(м*оС)
D3: 0 | E3: 1200 | F3: 0 | G3: 400 | H3: 600 | I3: 1000 | J3: 0 | K3: 127 | L3: 327 | M3: 527 | N3: 927 | O3: 1127
A4: SO2 | B4: 64 | C4: =22.4/Пр13_Свойства_газов[[#This Row],[Молярная масса]] -> 0.35 | D4: 1.301 | E4: 1.166 | F4: 1.158e-05 | G4: 2.82e-05 | H4: 3.465e-05 | I4: 4.54e-05 | J4: 0.0084 | K4: 0.0148 | L4: 0.0253 | M4: 0.0357 | N4: 0.0548 | O4: 61.6
A5: H2O | B5: 18 | C5: =22.4/Пр13_Свойства_газов[[#This Row],[Молярная масса]] -> 1.2444444 | D5: 1.33 | E5: 1.216 | F5: 8.83e-06 | G5: 2.35e-05 | H5: 3.09e-05 | I5: 4.56e-05 | J5: =17.1/1000 -> 0.0171 | K5: 0.0548 | L5: 0.0799 | M5: 0.107 | N5: 0.1588667
A6: O2 | B6: 32 | C6: =22.4/Пр13_Свойства_газов[[#This Row],[Молярная масса]] -> 0.7 | D6: 1.398 | E6: 1.295 | F6: 1.91e-05 | G6: 3.686e-05 | H6: 4.35e-05 | I6: 5.47e-05 | J6: 0.0243 | K6: 0.034 | L6: 0.047 | M6: 0.058 | N6: =6*10^-5*N3+0.0106 -> 0.06622
A7: N2 | B7: 28 | C7: =22.4/Пр13_Свойства_газов[[#This Row],[Молярная масса]] -> 0.8 | D7: 1.4 | E7: 1.314 | F7: 1.665e-05 | G7: 3.118e-05 | H7: 3.665e-05 | I7: 4.6e-05 | J7: 0.0239 | K7: 0.0324 | L7: 0.0446 | M7: 0.0554 | N7: =5*10^-5*N3+0.0113 -> 0.05765
A8: CO2 | B8: 44 | C8: =22.4/Пр13_Свойства_газов[[#This Row],[Молярная масса]] -> 0.50909091 | D8: 1.301 | E8: 1.166 | F8: 1.367e-05 | G8: 2.994e-05 | H8: 3.605e-05 | I8: 4.658e-05 | J8: 0.0149 | K8: 0.0243 | L8: 0.0407 | M8: 0.0551 | N8: 0.0803 | O8: 92.1
A9: СО | B9: 28 | C9: =22.4/Пр13_Свойства_газов[[#This Row],[Молярная масса]] -> 0.8 | D9: 1.4 | E9: 1.31 | F9: 1.662e-05 | G9: 3.09e-05 | H9: 3.63e-05 | I9: 4.53e-05 | J9: 0.0233 | K9: 0.0319 | L9: 0.045 | M9: 0.057 | N9: 0.0792 | O9: 90
A10: Воздух | B10: 28.97 | C10: =22.4/Пр13_Свойства_газов[[#This Row],[Молярная масса]] -> 0.77321367 | D10: 1.401 | E10: 1.312 | F10: 1.708e-05 | G10: 3.275e-05 | H10: 3.842e-05 | I10: 4.85e-05 | J10: 0.0242 | K10: 0.0338 | L10: 0.0469 | M10: 0.0573 | N10: 0.0763
